{
  "meta": {
    "image_path": "samples/scans/202512061032_Page_19.png",
    "template_id": "answer_sheet_v1",
    "question_count": 8,
    "option_count": 4,
    "alignment": {
      "status": "ok",
      "confidence": 0.7788557045923433,
      "method": "corner_contours",
      "diagnostics": {
        "top_left_score": 553.7725176035519,
        "top_right_score": 617.9541135057631,
        "bottom_right_score": 604.0013377554475,
        "bottom_left_score": 591.9933730959615,
        "method": "corner_contours",
        "source_points_found": 4
      }
    },
    "thresholds": {
      "marked_threshold": 0.2,
      "faint_threshold": 0.1,
      "uncertain_margin": 0.07,
      "strong_dark_min": 0.08
    },
    "errors": []
  },
  "answers": {
    "1": {
      "status": "blank",
      "selected": [],
      "confidence": 0.9683445012729083,
      "warnings": [],
      "scores": {
        "1": 0.0279,
        "2": 0.0209,
        "3": 0.0558,
        "4": 0.022
      },
      "bubble_evidence": {
        "1": {
          "ink_ratio": 0.0,
          "mean_darkness": 0.09288516640663147,
          "strong_dark_ratio": 0.0,
          "component_area_ratio": 0.0
        },
        "2": {
          "ink_ratio": 0.0,
          "mean_darkness": 0.06982305645942688,
          "strong_dark_ratio": 0.0,
          "component_area_ratio": 0.0
        },
        "3": {
          "ink_ratio": 0.047619047619047616,
          "mean_darkness": 0.11473390460014343,
          "strong_dark_ratio": 0.0,
          "component_area_ratio": 0.0380952380952381
        },
        "4": {
          "ink_ratio": 0.0,
          "mean_darkness": 0.07320261746644974,
          "strong_dark_ratio": 0.0,
          "component_area_ratio": 0.0
        }
      }
    },
    "2": {
      "status": "blank",
      "selected": [],
      "confidence": 0.9568573920907719,
      "warnings": [],
      "scores": {
        "1": 0.0213,
        "2": 0.0538,
        "3": 0.0668,
        "4": 0.0306
      },
      "bubble_evidence": {
        "1": {
          "ink_ratio": 0.0,
          "mean_darkness": 0.07107843458652496,
          "strong_dark_ratio": 0.0,
          "component_area_ratio": 0.0
        },
        "2": {
          "ink_ratio": 0.01904761904761905,
          "mean_darkness": 0.13486461341381073,
          "strong_dark_ratio": 0.01904761904761905,
          "component_area_ratio": 0.0
        },
        "3": {
          "ink_ratio": 0.047619047619047616,
          "mean_darkness": 0.11955182254314423,
          "strong_dark_ratio": 0.0380952380952381,
          "component_area_ratio": 0.047619047619047616
        },
        "4": {
          "ink_ratio": 0.0,
          "mean_darkness": 0.10212085396051407,
          "strong_dark_ratio": 0.0,
          "component_area_ratio": 0.0
        }
      }
    },
    "3": {
      "status": "single",
      "selected": [
        3
      ],
      "confidence": 1.0,
      "warnings": [],
      "scores": {
        "1": 0.0361,
        "2": 0.0165,
        "3": 0.5157,
        "4": 0.0208
      },
      "bubble_evidence": {
        "1": {
          "ink_ratio": 0.016666666666666666,
          "mean_darkness": 0.09529411792755127,
          "strong_dark_ratio": 0.0,
          "component_area_ratio": 0.0
        },
        "2": {
          "ink_ratio": 0.0,
          "mean_darkness": 0.054997608065605164,
          "strong_dark_ratio": 0.0,
          "component_area_ratio": 0.0
        },
        "3": {
          "ink_ratio": 0.7523809523809524,
          "mean_darkness": 0.5665359497070312,
          "strong_dark_ratio": 0.02857142857142857,
          "component_area_ratio": 0.7238095238095238
        },
        "4": {
          "ink_ratio": 0.0,
          "mean_darkness": 0.06922658532857895,
          "strong_dark_ratio": 0.0,
          "component_area_ratio": 0.0
        }
      }
    },
    "4": {
      "status": "single",
      "selected": [
        1
      ],
      "confidence": 1.0,
      "warnings": [],
      "scores": {
        "1": 0.5152,
        "2": 0.0842,
        "3": 0.0111,
        "4": 0.0604
      },
      "bubble_evidence": {
        "1": {
          "ink_ratio": 0.7619047619047619,
          "mean_darkness": 0.5585434436798096,
          "strong_dark_ratio": 0.01904761904761905,
          "component_area_ratio": 0.7619047619047619
        },
        "2": {
          "ink_ratio": 0.06666666666666667,
          "mean_darkness": 0.1330718994140625,
          "strong_dark_ratio": 0.05714285714285714,
          "component_area_ratio": 0.05714285714285714
        },
        "3": {
          "ink_ratio": 0.0,
          "mean_darkness": 0.03705882653594017,
          "strong_dark_ratio": 0.0,
          "component_area_ratio": 0.0
        },
        "4": {
          "ink_ratio": 0.047619047619047616,
          "mean_darkness": 0.12981635332107544,
          "strong_dark_ratio": 0.0,
          "component_area_ratio": 0.0
        }
      }
    },
    "5": {
      "status": "single",
      "selected": [
        3
      ],
      "confidence": 1.0,
      "warnings": [],
      "scores": {
        "1": 0.0924,
        "2": 0.1102,
        "3": 0.6157,
        "4": 0.0269
      },
      "bubble_evidence": {
        "1": {
          "ink_ratio": 0.08571428571428572,
          "mean_darkness": 0.17949578166007996,
          "strong_dark_ratio": 0.0,
          "component_area_ratio": 0.0
        },
        "2": {
          "ink_ratio": 0.08571428571428572,
          "mean_darkness": 0.18304388225078583,
          "strong_dark_ratio": 0.06666666666666667,
          "component_area_ratio": 0.0
        },
        "3": {
          "ink_ratio": 0.8833333333333333,
          "mean_darkness": 0.6162091493606567,
          "strong_dark_ratio": 0.13333333333333333,
          "component_area_ratio": 0.8833333333333333
        },
        "4": {
          "ink_ratio": 0.0,
          "mean_darkness": 0.08979591727256775,
          "strong_dark_ratio": 0.0,
          "component_area_ratio": 0.0
        }
      }
    },
    "6": {
      "status": "single",
      "selected": [
        1
      ],
      "confidence": 0.8907372710931869,
      "warnings": [],
      "scores": {
        "1": 0.3526,
        "2": 0.101,
        "3": 0.1174,
        "4": 0.0801
      },
      "bubble_evidence": {
        "1": {
          "ink_ratio": 0.4095238095238095,
          "mean_darkness": 0.5213819146156311,
          "strong_dark_ratio": 0.047619047619047616,
          "component_area_ratio": 0.29523809523809524
        },
        "2": {
          "ink_ratio": 0.09523809523809523,
          "mean_darkness": 0.1407407820224762,
          "strong_dark_ratio": 0.06349206349206349,
          "component_area_ratio": 0.047619047619047616
        },
        "3": {
          "ink_ratio": 0.10476190476190476,
          "mean_darkness": 0.15495797991752625,
          "strong_dark_ratio": 0.09523809523809523,
          "component_area_ratio": 0.0
        },
        "4": {
          "ink_ratio": 0.06666666666666667,
          "mean_darkness": 0.1194024384021759,
          "strong_dark_ratio": 0.05714285714285714,
          "component_area_ratio": 0.0380952380952381
        }
      }
    },
    "7": {
      "status": "blank",
      "selected": [],
      "confidence": 0.89941736468247,
      "warnings": [
        "faint_trace_or_erased"
      ],
      "scores": {
        "1": 0.0297,
        "2": 0.0852,
        "3": 0.1006,
        "4": 0.0904
      },
      "bubble_evidence": {
        "1": {
          "ink_ratio": 0.0,
          "mean_darkness": 0.0989355817437172,
          "strong_dark_ratio": 0.0,
          "component_area_ratio": 0.0
        },
        "2": {
          "ink_ratio": 0.05555555555555555,
          "mean_darkness": 0.15421725809574127,
          "strong_dark_ratio": 0.05555555555555555,
          "component_area_ratio": 0.0
        },
        "3": {
          "ink_ratio": 0.0761904761904762,
          "mean_darkness": 0.17337068915367126,