{
  "meta": {
    "image_path": "samples/scans/202512061032_Page_07.png",
    "template_id": "answer_sheet_v1",
    "question_count": 8,
    "option_count": 4,
    "alignment": {
      "status": "ok",
      "confidence": 0.8004352604217286,
      "method": "corner_contours",
      "diagnostics": {
        "top_left_score": 602.7485210843734,
        "top_right_score": 612.916369130894,
        "bottom_right_score": 608.3157810991567,
        "bottom_left_score": 609.342520367631,
        "method": "corner_contours",
        "source_points_found": 4
      }
    },
    "thresholds": {
      "marked_threshold": 0.2,
      "faint_threshold": 0.1,
      "uncertain_margin": 0.07,
      "strong_dark_min": 0.08
    },
    "errors": []
  },
  "answers": {
    "1": {
      "status": "single",
      "selected": [
        3
      ],
      "confidence": 1.0,
      "warnings": [],
      "scores": {
        "1": 0.089,
        "2": 0.0152,
        "3": 0.5676,
        "4": 0.0176
      },
      "bubble_evidence": {
        "1": {
          "ink_ratio": 0.06666666666666667,
          "mean_darkness": 0.1568627655506134,
          "strong_dark_ratio": 0.047619047619047616,
          "component_area_ratio": 0.0
        },
        "2": {
          "ink_ratio": 0.0,
          "mean_darkness": 0.05069344863295555,
          "strong_dark_ratio": 0.0,
          "component_area_ratio": 0.0
        },
        "3": {
          "ink_ratio": 0.8285714285714286,
          "mean_darkness": 0.5697105526924133,
          "strong_dark_ratio": 0.09523809523809523,
          "component_area_ratio": 0.8285714285714286
        },
        "4": {
          "ink_ratio": 0.0,
          "mean_darkness": 0.05855119973421097,
          "strong_dark_ratio": 0.0,
          "component_area_ratio": 0.0
        }
      }
    },
    "2": {
      "status": "single",
      "selected": [
        1
      ],
      "confidence": 1.0,
      "warnings": [],
      "scores": {
        "1": 0.559,
        "2": 0.053,
        "3": 0.0667,
        "4": 0.0186
      },
      "bubble_evidence": {
        "1": {
          "ink_ratio": 0.8611111111111112,
          "mean_darkness": 0.5717321038246155,
          "strong_dark_ratio": 0.0,
          "component_area_ratio": 0.8611111111111112
        },
        "2": {
          "ink_ratio": 0.009523809523809525,
          "mean_darkness": 0.1623903065919876,
          "strong_dark_ratio": 0.0,
          "component_area_ratio": 0.0
        },
        "3": {
          "ink_ratio": 0.047619047619047616,
          "mean_darkness": 0.1509617269039154,
          "strong_dark_ratio": 0.0,
          "component_area_ratio": 0.0
        },
        "4": {
          "ink_ratio": 0.0,
          "mean_darkness": 0.06210484728217125,
          "strong_dark_ratio": 0.0,
          "component_area_ratio": 0.0
        }
      }
    },
    "3": {
      "status": "blank",
      "selected": [],
      "confidence": 0.9670476248780532,
      "warnings": [],
      "scores": {
        "1": 0.0184,
        "2": 0.0267,
        "3": 0.0456,
        "4": 0.0411
      },
      "bubble_evidence": {
        "1": {
          "ink_ratio": 0.0,
          "mean_darkness": 0.0613725520670414,
          "strong_dark_ratio": 0.0,
          "component_area_ratio": 0.0
        },
        "2": {
          "ink_ratio": 0.0,
          "mean_darkness": 0.08904830366373062,
          "strong_dark_ratio": 0.0,
          "component_area_ratio": 0.0
        },
        "3": {
          "ink_ratio": 0.009523809523809525,
          "mean_darkness": 0.1377030909061432,
          "strong_dark_ratio": 0.0,
          "component_area_ratio": 0.0
        },
        "4": {
          "ink_ratio": 0.013888888888888888,
          "mean_darkness": 0.11612200736999512,
          "strong_dark_ratio": 0.0,
          "component_area_ratio": 0.0
        }
      }
    },
    "4": {
      "status": "blank",
      "selected": [],
      "confidence": 0.895540611303988,
      "warnings": [
        "faint_trace_or_erased"
      ],
      "scores": {
        "1": 0.1045,
        "2": 0.0635,
        "3": 0.0207,
        "4": 0.0977
      },
      "bubble_evidence": {
        "1": {
          "ink_ratio": 0.09523809523809523,
          "mean_darkness": 0.17359478771686554,
          "strong_dark_ratio": 0.0380952380952381,
          "component_area_ratio": 0.0
        },
        "2": {
          "ink_ratio": 0.02857142857142857,
          "mean_darkness": 0.1607842892408371,
          "strong_dark_ratio": 0.009523809523809525,
          "component_area_ratio": 0.0
        },
        "3": {
          "ink_ratio": 0.0,
          "mean_darkness": 0.06888889521360397,
          "strong_dark_ratio": 0.0,
          "component_area_ratio": 0.0
        },
        "4": {
          "ink_ratio": 0.07936507936507936,
          "mean_darkness": 0.1736694872379303,
          "strong_dark_ratio": 0.03968253968253968,
          "component_area_ratio": 0.06349206349206349
        }
      }
    },
    "5": {
      "status": "blank",
      "selected": [],
      "confidence": 0.9623368323257282,
      "warnings": [],
      "scores": {
        "1": 0.0536,
        "2": 0.0587,
        "3": 0.0129,
        "4": 0.0254
      },
      "bubble_evidence": {
        "1": {
          "ink_ratio": 0.0380952380952381,
          "mean_darkness": 0.11361345648765564,
          "strong_dark_ratio": 0.009523809523809525,
          "component_area_ratio": 0.0
        },
        "2": {
          "ink_ratio": 0.02857142857142857,
          "mean_darkness": 0.14502336084842682,
          "strong_dark_ratio": 0.009523809523809525,
          "component_area_ratio": 0.0
        },
        "3": {
          "ink_ratio": 0.0,
          "mean_darkness": 0.04307190328836441,
          "strong_dark_ratio": 0.0,
          "component_area_ratio": 0.0
        },
        "4": {
          "ink_ratio": 0.0,
          "mean_darkness": 0.08459383249282837,
          "strong_dark_ratio": 0.0,
          "component_area_ratio": 0.0
        }
      }
    },
    "6": {
      "status": "single",
      "selected": [
        1
      ],
      "confidence": 1.0,
      "warnings": [],
      "scores": {
        "1": 0.6472,
        "2": 0.0977,
        "3": 0.064,
        "4": 0.0595
      },
      "bubble_evidence": {
        "1": {
          "ink_ratio": 0.9904761904761905,
          "mean_darkness": 0.616097092628479,
          "strong_dark_ratio": 0.06666666666666667,
          "component_area_ratio": 0.9904761904761905
        },
        "2": {
          "ink_ratio": 0.0873015873015873,
          "mean_darkness": 0.16825400292873383,
          "strong_dark_ratio": 0.031746031746031744,
          "component_area_ratio": 0.047619047619047616
        },
        "3": {
          "ink_ratio": 0.0380952380952381,
          "mean_darkness": 0.13228759169578552,
          "strong_dark_ratio": 0.02857142857142857,
          "component_area_ratio": 0.0
        },
        "4": {
          "ink_ratio": 0.0380952380952381,
          "mean_darkness": 0.11734829097986221,
          "strong_dark_ratio": 0.02857142857142857,
          "component_area_ratio": 0.0380952380952381
        }
      }
    },
    "7": {
      "status": "blank",
      "selected": [],
      "confidence": 0.9396661968677054,
      "warnings": [],
      "scores": {
        "1": 0.0313,
        "2": 0.0663,
        "3": 0.0823,
        "4": 0.0614
      },
      "bubble_evidence": {
        "1": {
          "ink_ratio": 0.0,
          "mean_darkness": 0.1042763814330101,
          "strong_dark_ratio": 0.0,
          "component_area_ratio": 0.0
        },
        "2": {
          "ink_ratio": 0.03968253968253968,
          "mean_darkness": 0.15502646565437317,
          "strong_dark_ratio": 0.007936507936507936,
          "component_area_ratio": 0.031746031746031744
        },
        "3": {
          "ink_ratio": 0.06666666666666667,
          "mean_darkness": 0.1585434377193451,
          "strong_dark_ratio": 0.01904761904761905,