{
  "meta": {
    "image_path": "samples/scans/202512061032_Page_06.png",
    "template_id": "answer_sheet_v1",
    "question_count": 8,
    "option_count": 4,
    "alignment": {
      "status": "ok",
      "confidence": 0.7995079861605917,
      "method": "corner_contours",
      "diagnostics": {
        "top_left_score": 583.5199739001612,
        "top_right_score": 612.5295212630283,
        "bottom_right_score": 617.9541150206671,
        "bottom_left_score": 616.5006677443422,
        "method": "corner_contours",
        "source_points_found": 4
      }
    },
    "thresholds": {
      "marked_threshold": 0.2,
      "faint_threshold": 0.1,
      "uncertain_margin": 0.07,
      "strong_dark_min": 0.08
    },
    "errors": []
  },
  "answers": {
    "1": {
      "status": "single",
      "selected": [
        3
      ],
      "confidence": 1.0,
      "warnings": [],
      "scores": {
        "1": 0.0225,
        "2": 0.0244,
        "3": 0.6188,
        "4": 0.013
      },
      "bubble_evidence": {
        "1": {
          "ink_ratio": 0.009523809523809525,
          "mean_darkness": 0.060840338468551636,
          "strong_dark_ratio": 0.0,
          "component_area_ratio": 0.0
        },
        "2": {
          "ink_ratio": 0.024390243902439025,
          "mean_darkness": 0.04466762766242027,
          "strong_dark_ratio": 0.0,
          "component_area_ratio": 0.0
        },
        "3": {
          "ink_ratio": 0.8952380952380953,
          "mean_darkness": 0.608664870262146,
          "strong_dark_ratio": 0.13333333333333333,
          "component_area_ratio": 0.8952380952380953
        },
        "4": {
          "ink_ratio": 0.0,
          "mean_darkness": 0.04340958595275879,
          "strong_dark_ratio": 0.0,
          "component_area_ratio": 0.0
        }
      }
    },
    "2": {
      "status": "blank",
      "selected": [],
      "confidence": 0.9609879938832351,
      "warnings": [],
      "scores": {
        "1": 0.0359,
        "2": 0.0452,
        "3": 0.0472,
        "4": 0.0278
      },
      "bubble_evidence": {
        "1": {
          "ink_ratio": 0.0,
          "mean_darkness": 0.1196078434586525,
          "strong_dark_ratio": 0.0,
          "component_area_ratio": 0.0
        },
        "2": {
          "ink_ratio": 0.009523809523809525,
          "mean_darkness": 0.13624650239944458,
          "strong_dark_ratio": 0.0,
          "component_area_ratio": 0.0
        },
        "3": {
          "ink_ratio": 0.01904761904761905,
          "mean_darkness": 0.12885154783725739,
          "strong_dark_ratio": 0.0,
          "component_area_ratio": 0.0
        },
        "4": {
          "ink_ratio": 0.0,
          "mean_darkness": 0.09259704500436783,
          "strong_dark_ratio": 0.0,
          "component_area_ratio": 0.0
        }
      }
    },
    "3": {
      "status": "blank",
      "selected": [],
      "confidence": 0.987859055143781,
      "warnings": [],
      "scores": {
        "1": 0.0119,
        "2": 0.0034,
        "3": 0.0211,
        "4": 0.0121
      },
      "bubble_evidence": {
        "1": {
          "ink_ratio": 0.0,
          "mean_darkness": 0.03980392590165138,
          "strong_dark_ratio": 0.0,
          "component_area_ratio": 0.0
        },
        "2": {
          "ink_ratio": 0.0,
          "mean_darkness": 0.011477761901915073,
          "strong_dark_ratio": 0.0,
          "component_area_ratio": 0.0
        },
        "3": {
          "ink_ratio": 0.0,
          "mean_darkness": 0.07040149718523026,
          "strong_dark_ratio": 0.0,
          "component_area_ratio": 0.0
        },
        "4": {
          "ink_ratio": 0.0,
          "mean_darkness": 0.04019607976078987,
          "strong_dark_ratio": 0.0,
          "component_area_ratio": 0.0
        }
      }
    },
    "4": {
      "status": "single",
      "selected": [
        1
      ],
      "confidence": 1.0,
      "warnings": [],
      "scores": {
        "1": 0.628,
        "2": 0.0565,
        "3": 0.068,
        "4": 0.0918
      },
      "bubble_evidence": {
        "1": {
          "ink_ratio": 0.9333333333333333,
          "mean_darkness": 0.6299160122871399,
          "strong_dark_ratio": 0.0761904761904762,
          "component_area_ratio": 0.9333333333333333
        },
        "2": {
          "ink_ratio": 0.01904761904761905,
          "mean_darkness": 0.15966388583183289,
          "strong_dark_ratio": 0.0,
          "component_area_ratio": 0.0
        },
        "3": {
          "ink_ratio": 0.05,
          "mean_darkness": 0.12398692965507507,
          "strong_dark_ratio": 0.03333333333333333,
          "component_area_ratio": 0.0
        },
        "4": {
          "ink_ratio": 0.06349206349206349,
          "mean_darkness": 0.16455025970935822,
          "strong_dark_ratio": 0.05555555555555555,
          "component_area_ratio": 0.0
        }
      }
    },
    "5": {
      "status": "blank",
      "selected": [],
      "confidence": 0.8960980358719826,
      "warnings": [
        "faint_trace_or_erased"
      ],
      "scores": {
        "1": 0.0577,
        "2": 0.0446,
        "3": 0.1039,
        "4": 0.016
      },
      "bubble_evidence": {
        "1": {
          "ink_ratio": 0.0380952380952381,
          "mean_darkness": 0.13516339659690857,
          "strong_dark_ratio": 0.0,
          "component_area_ratio": 0.0380952380952381
        },
        "2": {
          "ink_ratio": 0.009523809523809525,
          "mean_darkness": 0.13445378839969635,
          "strong_dark_ratio": 0.0,
          "component_area_ratio": 0.0
        },
        "3": {
          "ink_ratio": 0.1,
          "mean_darkness": 0.11300654709339142,
          "strong_dark_ratio": 0.1,
          "component_area_ratio": 0.1
        },
        "4": {
          "ink_ratio": 0.0,
          "mean_darkness": 0.05338135361671448,
          "strong_dark_ratio": 0.0,
          "component_area_ratio": 0.0
        }
      }
    },
    "6": {
      "status": "single",
      "selected": [
        1
      ],
      "confidence": 1.0,
      "warnings": [],
      "scores": {
        "1": 0.6257,
        "2": 0.0606,
        "3": 0.0534,
        "4": 0.0352
      },
      "bubble_evidence": {
        "1": {
          "ink_ratio": 0.9428571428571428,
          "mean_darkness": 0.6158356666564941,
          "strong_dark_ratio": 0.06666666666666667,
          "component_area_ratio": 0.9428571428571428
        },
        "2": {
          "ink_ratio": 0.023809523809523808,
          "mean_darkness": 0.15312792360782623,
          "strong_dark_ratio": 0.015873015873015872,
          "component_area_ratio": 0.0
        },
        "3": {
          "ink_ratio": 0.02857142857142857,
          "mean_darkness": 0.13520076870918274,
          "strong_dark_ratio": 0.0,
          "component_area_ratio": 0.0
        },
        "4": {
          "ink_ratio": 0.009523809523809525,
          "mean_darkness": 0.1029691994190216,
          "strong_dark_ratio": 0.0,
          "component_area_ratio": 0.0
        }
      }
    },
    "7": {
      "status": "blank",
      "selected": [],
      "confidence": 0.8740672163168589,
      "warnings": [
        "faint_trace_or_erased"
      ],
      "scores": {
        "1": 0.0687,
        "2": 0.0673,
        "3": 0.1259,
        "4": 0.0429
      },
      "bubble_evidence": {
        "1": {
          "ink_ratio": 0.047619047619047616,
          "mean_darkness": 0.13370682299137115,
          "strong_dark_ratio": 0.02857142857142857,
          "component_area_ratio": 0.0
        },
        "2": {
          "ink_ratio": 0.03968253968253968,
          "mean_darkness": 0.1516651213169098,
          "strong_dark_ratio": 0.015873015873015872,
          "component_area_ratio": 0.0
        },
        "3": {
          "ink_ratio": 0.11428571428571428,
          "mean_darkness": 0.20866483449935913,
          "strong_dark_ratio": 0.047619047619047616,
          "component_area_ratio": 0.06666666666666667
        },