{
  "5": {
    "status": "blank",
    "selected": [],
    "confidence": 0.9648096226741161,
    "warnings": [],
    "scores": {
      "1": 0.0485,
      "2": 0.034,
      "3": 0.033,
      "4": 0.0253
    },
    "bubble_evidence": {
      "1": {
        "ink_ratio": 0.01904761904761905,
        "mean_darkness": 0.13295985758304596,
        "strong_dark_ratio": 0.0,
        "component_area_ratio": 0.0
      },
      "2": {
        "ink_ratio": 0.0,
        "mean_darkness": 0.11323995888233185,
        "strong_dark_ratio": 0.0,
        "component_area_ratio": 0.0
      },
      "3": {
        "ink_ratio": 0.0,
        "mean_darkness": 0.11000000685453415,
        "strong_dark_ratio": 0.0,
        "component_area_ratio": 0.0
      },
      "4": {
        "ink_ratio": 0.0,
        "mean_darkness": 0.08443377912044525,
        "strong_dark_ratio": 0.0,
        "component_area_ratio": 0.0
      }
    }
  },
  "6": {
    "status": "blank",
    "selected": [],
    "confidence": 0.9578821174002119,
    "warnings": [],
    "scores": {
      "1": 0.0202,
      "2": 0.0757,
      "3": 0.0358,
      "4": 0.0368
    },
    "bubble_evidence": {
      "1": {
        "ink_ratio": 0.0,
        "mean_darkness": 0.06722689419984818,
        "strong_dark_ratio": 0.0,
        "component_area_ratio": 0.0
      },
      "2": {
        "ink_ratio": 0.07142857142857142,
        "mean_darkness": 0.10535325855016708,
        "strong_dark_ratio": 0.047619047619047616,
        "component_area_ratio": 0.03968253968253968
      },
      "3": {
        "ink_ratio": 0.01904761904761905,
        "mean_darkness": 0.0828758254647255,
        "strong_dark_ratio": 0.009523809523809525,
        "component_area_ratio": 0.0
      },
      "4": {
        "ink_ratio": 0.02857142857142857,
        "mean_darkness": 0.07992531359195709,
        "strong_dark_ratio": 0.0,
        "component_area_ratio": 0.0
      }
    }
  },
  "7": {
    "status": "blank",
    "selected": [],
    "confidence": 0.9334778222607242,
    "warnings": [],
    "scores": {
      "1": 0.0487,
      "2": 0.0617,
      "3": 0.0632,
      "4": 0.0926
    },
    "bubble_evidence": {
      "1": {
        "ink_ratio": 0.02857142857142857,
        "mean_darkness": 0.10345472395420074,
        "strong_dark_ratio": 0.01904761904761905,
        "component_area_ratio": 0.0
      },
      "2": {
        "ink_ratio": 0.047619047619047616,
        "mean_darkness": 0.1274821013212204,
        "strong_dark_ratio": 0.007936507936507936,
        "component_area_ratio": 0.031746031746031744
      },
      "3": {
        "ink_ratio": 0.0380952380952381,
        "mean_darkness": 0.15338937938213348,
        "strong_dark_ratio": 0.0,
        "component_area_ratio": 0.0
      },
      "4": {
        "ink_ratio": 0.08571428571428572,
        "mean_darkness": 0.1563398689031601,
        "strong_dark_ratio": 0.02857142857142857,
        "component_area_ratio": 0.0
      }
    }
  },
  "8": {
    "status": "blank",
    "selected": [],
    "confidence": 0.9733943571336567,
    "warnings": [],
    "scores": {
      "1": 0.0297,
      "2": 0.0285,
      "3": 0.0324,
      "4": 0.0159
    },
    "bubble_evidence": {
      "1": {
        "ink_ratio": 0.0,
        "mean_darkness": 0.09886087477207184,
        "strong_dark_ratio": 0.0,
        "component_area_ratio": 0.0
      },
      "2": {
        "ink_ratio": 0.0,
        "mean_darkness": 0.09507804363965988,
        "strong_dark_ratio": 0.0,
        "component_area_ratio": 0.0
      },
      "3": {
        "ink_ratio": 0.0,
        "mean_darkness": 0.10786180943250656,
        "strong_dark_ratio": 0.0,
        "component_area_ratio": 0.0
      },
      "4": {
        "ink_ratio": 0.0,
        "mean_darkness": 0.052941177040338516,
        "strong_dark_ratio": 0.0,
        "component_area_ratio": 0.0
      }
    }
  }
}