{
  "meta": {
    "image_path": "samples/scans/202512061032_Page_09.png",
    "template_id": "answer_sheet_v1",
    "question_count": 8,
    "option_count": 4,
    "alignment": {
      "status": "ok",
      "confidence": 0.7959997757031869,
      "method": "corner_contours",
      "diagnostics": {
        "top_left_score": 594.2205992706665,
        "top_right_score": 609.342520367631,
        "bottom_right_score": 613.2654686448399,
        "bottom_left_score": 603.010729854551,
        "method": "corner_contours",
        "source_points_found": 4
      }
    },
    "thresholds": {
      "marked_threshold": 0.2,
      "faint_threshold": 0.1,
      "uncertain_margin": 0.07,
      "strong_dark_min": 0.08
    },
    "errors": []
  },
  "answers": {
    "1": {
      "status": "single",
      "selected": [
        2
      ],
      "confidence": 1.0,
      "warnings": [],
      "scores": {
        "1": 0.0322,
        "2": 0.6974,
        "3": 0.0464,
        "4": 0.0249
      },
      "bubble_evidence": {
        "1": {
          "ink_ratio": 0.009523809523809525,
          "mean_darkness": 0.09318394213914871,
          "strong_dark_ratio": 0.0,
          "component_area_ratio": 0.0
        },
        "2": {
          "ink_ratio": 1.0,
          "mean_darkness": 0.6418938636779785,
          "strong_dark_ratio": 0.21951219512195122,
          "component_area_ratio": 1.0
        },
        "3": {
          "ink_ratio": 0.01904761904761905,
          "mean_darkness": 0.11831934005022049,
          "strong_dark_ratio": 0.009523809523809525,
          "component_area_ratio": 0.0
        },
        "4": {
          "ink_ratio": 0.0,
          "mean_darkness": 0.08295206725597382,
          "strong_dark_ratio": 0.0,
          "component_area_ratio": 0.0
        }
      }
    },
    "2": {
      "status": "single",
      "selected": [
        4
      ],
      "confidence": 1.0,
      "warnings": [],
      "scores": {
        "1": 0.0064,
        "2": 0.0318,
        "3": 0.0485,
        "4": 0.6386
      },
      "bubble_evidence": {
        "1": {
          "ink_ratio": 0.0,
          "mean_darkness": 0.02145969495177269,
          "strong_dark_ratio": 0.0,
          "component_area_ratio": 0.0
        },
        "2": {
          "ink_ratio": 0.01904761904761905,
          "mean_darkness": 0.07742297649383545,
          "strong_dark_ratio": 0.0,
          "component_area_ratio": 0.0
        },
        "3": {
          "ink_ratio": 0.047619047619047616,
          "mean_darkness": 0.09023343026638031,
          "strong_dark_ratio": 0.0,
          "component_area_ratio": 0.0
        },
        "4": {
          "ink_ratio": 1.0,
          "mean_darkness": 0.6285714507102966,
          "strong_dark_ratio": 0.0,
          "component_area_ratio": 1.0
        }
      }
    },
    "3": {
      "status": "single",
      "selected": [
        1
      ],
      "confidence": 1.0,
      "warnings": [],
      "scores": {
        "1": 0.656,
        "2": 0.0123,
        "3": 0.0804,
        "4": 0.024
      },
      "bubble_evidence": {
        "1": {
          "ink_ratio": 1.0,
          "mean_darkness": 0.6450327634811401,
          "strong_dark_ratio": 0.05,
          "component_area_ratio": 1.0
        },
        "2": {
          "ink_ratio": 0.0,
          "mean_darkness": 0.04093734920024872,
          "strong_dark_ratio": 0.0,
          "component_area_ratio": 0.0
        },
        "3": {
          "ink_ratio": 0.06666666666666667,
          "mean_darkness": 0.12029878795146942,
          "strong_dark_ratio": 0.05714285714285714,
          "component_area_ratio": 0.05714285714285714
        },
        "4": {
          "ink_ratio": 0.0,
          "mean_darkness": 0.08006536215543747,
          "strong_dark_ratio": 0.0,
          "component_area_ratio": 0.0
        }
      }
    },
    "4": {
      "status": "single",
      "selected": [
        2
      ],
      "confidence": 1.0,
      "warnings": [],
      "scores": {
        "1": 0.0182,
        "2": 0.8426,
        "3": 0.0098,
        "4": 0.1002
      },
      "bubble_evidence": {
        "1": {
          "ink_ratio": 0.0,
          "mean_darkness": 0.06050420552492142,
          "strong_dark_ratio": 0.0,
          "component_area_ratio": 0.0
        },
        "2": {
          "ink_ratio": 0.9904761904761905,
          "mean_darkness": 0.7039401531219482,
          "strong_dark_ratio": 0.7428571428571429,
          "component_area_ratio": 0.9904761904761905
        },
        "3": {
          "ink_ratio": 0.0,
          "mean_darkness": 0.03261438012123108,
          "strong_dark_ratio": 0.0,
          "component_area_ratio": 0.0
        },
        "4": {
          "ink_ratio": 0.09523809523809523,
          "mean_darkness": 0.14481796324253082,
          "strong_dark_ratio": 0.05555555555555555,
          "component_area_ratio": 0.047619047619047616
        }
      }
    },
    "5": {
      "status": "single",
      "selected": [
        2
      ],
      "confidence": 1.0,
      "warnings": [],
      "scores": {
        "1": 0.0727,
        "2": 0.7468,
        "3": 0.0182,
        "4": 0.0261
      },
      "bubble_evidence": {
        "1": {
          "ink_ratio": 0.06666666666666667,
          "mean_darkness": 0.1422969400882721,
          "strong_dark_ratio": 0.0,
          "component_area_ratio": 0.0
        },
        "2": {
          "ink_ratio": 0.9238095238095239,
          "mean_darkness": 0.6510924100875854,
          "strong_dark_ratio": 0.5428571428571428,
          "component_area_ratio": 0.9238095238095239
        },
        "3": {
          "ink_ratio": 0.0,
          "mean_darkness": 0.06052287667989731,
          "strong_dark_ratio": 0.0,
          "component_area_ratio": 0.0
        },
        "4": {
          "ink_ratio": 0.0,
          "mean_darkness": 0.08699480444192886,
          "strong_dark_ratio": 0.0,
          "component_area_ratio": 0.0
        }
      }
    },
    "6": {
      "status": "single",
      "selected": [
        1
      ],
      "confidence": 1.0,
      "warnings": [],
      "scores": {
        "1": 0.6911,
        "2": 0.0999,
        "3": 0.075,
        "4": 0.068
      },
      "bubble_evidence": {
        "1": {
          "ink_ratio": 1.0,
          "mean_darkness": 0.6609150767326355,
          "strong_dark_ratio": 0.17142857142857143,
          "component_area_ratio": 1.0
        },
        "2": {
          "ink_ratio": 0.07936507936507936,
          "mean_darkness": 0.19408656656742096,
          "strong_dark_ratio": 0.023809523809523808,
          "component_area_ratio": 0.0
        },
        "3": {
          "ink_ratio": 0.05714285714285714,
          "mean_darkness": 0.14842206239700317,
          "strong_dark_ratio": 0.01904761904761905,
          "component_area_ratio": 0.0
        },
        "4": {
          "ink_ratio": 0.047619047619047616,
          "mean_darkness": 0.1315779685974121,
          "strong_dark_ratio": 0.02857142857142857,
          "component_area_ratio": 0.0380952380952381
        }
      }
    },
    "7": {
      "status": "single",
      "selected": [
        3
      ],
      "confidence": 1.0,
      "warnings": [],
      "scores": {
        "1": 0.0346,
        "2": 0.0486,
        "3": 0.8142,
        "4": 0.0704
      },
      "bubble_evidence": {
        "1": {
          "ink_ratio": 0.0,
          "mean_darkness": 0.11529412865638733,
          "strong_dark_ratio": 0.0,
          "component_area_ratio": 0.0
        },
        "2": {
          "ink_ratio": 0.023809523809523808,
          "mean_darkness": 0.12626828253269196,
          "strong_dark_ratio": 0.0,
          "component_area_ratio": 0.0
        },
        "3": {
          "ink_ratio": 0.9142857142857143,
          "mean_darkness": 0.6916152834892273,
          "strong_dark_ratio": 0.780952380952381,
          "component_area_ratio": 0.9142857142857143
        },
        "4": {
          "ink_ratio": 0.05714285714285714,
          "mean_darkness": 0.14909431338310242,