{
  "meta": {
    "image_path": "samples/scans/202512061032_Page_04.png",
    "template_id": "answer_sheet_v1",
    "question_count": 8,
    "option_count": 4,
    "alignment": {
      "status": "ok",
      "confidence": 0.7816768012782271,
      "method": "corner_contours",
      "diagnostics": {
        "top_left_score": 545.5646287191462,
        "top_right_score": 597.7289037068085,
        "bottom_right_score": 614.7072092179121,
        "bottom_left_score": 618.2967342419437,
        "method": "corner_contours",
        "source_points_found": 4
      }
    },
    "thresholds": {
      "marked_threshold": 0.2,
      "faint_threshold": 0.1,
      "uncertain_margin": 0.07,
      "strong_dark_min": 0.08
    },
    "errors": []
  },
  "answers": {
    "1": {
      "status": "single",
      "selected": [
        3
      ],
      "confidence": 1.0,
      "warnings": [],
      "scores": {
        "1": 0.0931,
        "2": 0.0229,
        "3": 0.6968,
        "4": 0.0294
      },
      "bubble_evidence": {
        "1": {
          "ink_ratio": 0.0761904761904762,
          "mean_darkness": 0.14853408932685852,
          "strong_dark_ratio": 0.05714285714285714,
          "component_area_ratio": 0.0
        },
        "2": {
          "ink_ratio": 0.0,
          "mean_darkness": 0.0762314647436142,
          "strong_dark_ratio": 0.0,
          "component_area_ratio": 0.0
        },
        "3": {
          "ink_ratio": 0.9238095238095239,
          "mean_darkness": 0.6434360146522522,
          "strong_dark_ratio": 0.3523809523809524,
          "component_area_ratio": 0.9238095238095239
        },
        "4": {
          "ink_ratio": 0.0,
          "mean_darkness": 0.09787581861019135,
          "strong_dark_ratio": 0.0,
          "component_area_ratio": 0.0
        }
      }
    },
    "2": {
      "status": "single",
      "selected": [
        4
      ],
      "confidence": 1.0,
      "warnings": [],
      "scores": {
        "1": 0.0133,
        "2": 0.0178,
        "3": 0.0375,
        "4": 0.8034
      },
      "bubble_evidence": {
        "1": {
          "ink_ratio": 0.0,
          "mean_darkness": 0.04444444552063942,
          "strong_dark_ratio": 0.0,
          "component_area_ratio": 0.0
        },
        "2": {
          "ink_ratio": 0.0,
          "mean_darkness": 0.059309061616659164,
          "strong_dark_ratio": 0.0,
          "component_area_ratio": 0.0
        },
        "3": {
          "ink_ratio": 0.01904761904761905,
          "mean_darkness": 0.09643323719501495,
          "strong_dark_ratio": 0.0,
          "component_area_ratio": 0.0
        },
        "4": {
          "ink_ratio": 1.0,
          "mean_darkness": 0.6847538948059082,
          "strong_dark_ratio": 0.5918367346938775,
          "component_area_ratio": 1.0
        }
      }
    },
    "3": {
      "status": "single",
      "selected": [
        3
      ],
      "confidence": 1.0,
      "warnings": [],
      "scores": {
        "1": 0.0093,
        "2": 0.0012,
        "3": 0.6891,
        "4": 0.0137
      },
      "bubble_evidence": {
        "1": {
          "ink_ratio": 0.0,
          "mean_darkness": 0.030849674716591835,
          "strong_dark_ratio": 0.0,
          "component_area_ratio": 0.0
        },
        "2": {
          "ink_ratio": 0.0,
          "mean_darkness": 0.003921568859368563,
          "strong_dark_ratio": 0.0,
          "component_area_ratio": 0.0
        },
        "3": {
          "ink_ratio": 0.9904761904761905,
          "mean_darkness": 0.652661144733429,
          "strong_dark_ratio": 0.19047619047619047,
          "component_area_ratio": 0.9904761904761905
        },
        "4": {
          "ink_ratio": 0.0,
          "mean_darkness": 0.04580610245466232,
          "strong_dark_ratio": 0.0,
          "component_area_ratio": 0.0
        }
      }
    },
    "4": {
      "status": "single",
      "selected": [
        1
      ],
      "confidence": 1.0,
      "warnings": [],
      "scores": {
        "1": 0.6425,
        "2": 0.0677,
        "3": 0.0305,
        "4": 0.0951
      },
      "bubble_evidence": {
        "1": {
          "ink_ratio": 0.8952380952380953,
          "mean_darkness": 0.6082166433334351,
          "strong_dark_ratio": 0.22857142857142856,
          "component_area_ratio": 0.8952380952380953
        },
        "2": {
          "ink_ratio": 0.047619047619047616,
          "mean_darkness": 0.14629319310188293,
          "strong_dark_ratio": 0.009523809523809525,
          "component_area_ratio": 0.0
        },
        "3": {
          "ink_ratio": 0.0,
          "mean_darkness": 0.10156863182783127,
          "strong_dark_ratio": 0.0,
          "component_area_ratio": 0.0
        },
        "4": {
          "ink_ratio": 0.07936507936507936,
          "mean_darkness": 0.1648615002632141,
          "strong_dark_ratio": 0.03968253968253968,
          "component_area_ratio": 0.031746031746031744
        }
      }
    },
    "5": {
      "status": "single",
      "selected": [
        3
      ],
      "confidence": 1.0,
      "warnings": [],
      "scores": {
        "1": 0.0672,
        "2": 0.0633,
        "3": 0.7521,
        "4": 0.0159
      },
      "bubble_evidence": {
        "1": {
          "ink_ratio": 0.05714285714285714,
          "mean_darkness": 0.11454714834690094,
          "strong_dark_ratio": 0.02857142857142857,
          "component_area_ratio": 0.0
        },
        "2": {
          "ink_ratio": 0.047619047619047616,
          "mean_darkness": 0.10767506062984467,
          "strong_dark_ratio": 0.0380952380952381,
          "component_area_ratio": 0.0
        },
        "3": {
          "ink_ratio": 1.0,
          "mean_darkness": 0.6737909913063049,
          "strong_dark_ratio": 0.4,
          "component_area_ratio": 1.0
        },
        "4": {
          "ink_ratio": 0.0,
          "mean_darkness": 0.052981190383434296,
          "strong_dark_ratio": 0.0,
          "component_area_ratio": 0.0
        }
      }
    },
    "6": {
      "status": "single",
      "selected": [
        1
      ],
      "confidence": 1.0,
      "warnings": [],
      "scores": {
        "1": 0.7559,
        "2": 0.1075,
        "3": 0.0999,
        "4": 0.0558
      },
      "bubble_evidence": {
        "1": {
          "ink_ratio": 1.0,
          "mean_darkness": 0.6704015135765076,
          "strong_dark_ratio": 0.41904761904761906,
          "component_area_ratio": 1.0
        },
        "2": {
          "ink_ratio": 0.09523809523809523,
          "mean_darkness": 0.16909433901309967,
          "strong_dark_ratio": 0.05555555555555555,
          "component_area_ratio": 0.0
        },
        "3": {
          "ink_ratio": 0.08571428571428572,
          "mean_darkness": 0.15693745017051697,
          "strong_dark_ratio": 0.05714285714285714,
          "component_area_ratio": 0.0
        },
        "4": {
          "ink_ratio": 0.01904761904761905,
          "mean_darkness": 0.14140057563781738,
          "strong_dark_ratio": 0.01904761904761905,
          "component_area_ratio": 0.0
        }
      }
    },
    "7": {
      "status": "single",
      "selected": [
        3
      ],
      "confidence": 1.0,
      "warnings": [],
      "scores": {
        "1": 0.0619,
        "2": 0.0617,
        "3": 0.6937,
        "4": 0.0462
      },
      "bubble_evidence": {
        "1": {
          "ink_ratio": 0.0380952380952381,
          "mean_darkness": 0.11760971695184708,
          "strong_dark_ratio": 0.0380952380952381,
          "component_area_ratio": 0.0
        },
        "2": {
          "ink_ratio": 0.031746031746031744,
          "mean_darkness": 0.14491131901741028,
          "strong_dark_ratio": 0.015873015873015872,
          "component_area_ratio": 0.0
        },
        "3": {
          "ink_ratio": 0.8857142857142857,
          "mean_darkness": 0.6425023674964905,
          "strong_dark_ratio": 0.4095238095238095,
          "component_area_ratio": 0.8857142857142857
        },