{
  "2": {
    "status": "blank",
    "selected": [],
    "confidence": 0.9744690208571652,
    "warnings": [],
    "scores": {
      "1": 0.0151,
      "2": 0.0337,
      "3": 0.0387,
      "4": 0.0146
    },
    "bubble_evidence": {
      "1": {
        "ink_ratio": 0.0,
        "mean_darkness": 0.050435733050107956,
        "strong_dark_ratio": 0.0,
        "component_area_ratio": 0.0
      },
      "2": {
        "ink_ratio": 0.0,
        "mean_darkness": 0.11223156005144119,
        "strong_dark_ratio": 0.0,
        "component_area_ratio": 0.0
      },
      "3": {
        "ink_ratio": 0.01904761904761905,
        "mean_darkness": 0.08448179066181183,
        "strong_dark_ratio": 0.01904761904761905,
        "component_area_ratio": 0.0
      },
      "4": {
        "ink_ratio": 0.0,
        "mean_darkness": 0.04881952702999115,
        "strong_dark_ratio": 0.0,
        "component_area_ratio": 0.0
      }
    }
  },
  "3": {
    "status": "blank",
    "selected": [],
    "confidence": 0.9711440084972197,
    "warnings": [],
    "scores": {
      "1": 0.0206,
      "2": 0.0148,
      "3": 0.0629,
      "4": 0.0171
    },
    "bubble_evidence": {
      "1": {
        "ink_ratio": 0.0,
        "mean_darkness": 0.0685620978474617,
        "strong_dark_ratio": 0.0,
        "component_area_ratio": 0.0
      },
      "2": {
        "ink_ratio": 0.0,
        "mean_darkness": 0.04935437813401222,
        "strong_dark_ratio": 0.0,
        "component_area_ratio": 0.0
      },
      "3": {
        "ink_ratio": 0.05714285714285714,
        "mean_darkness": 0.11615313589572906,
        "strong_dark_ratio": 0.009523809523809525,
        "component_area_ratio": 0.05714285714285714
      },
      "4": {
        "ink_ratio": 0.0,
        "mean_darkness": 0.05702614784240723,
        "strong_dark_ratio": 0.0,
        "component_area_ratio": 0.0
      }
    }
  },
  "4": {
    "status": "blank",
    "selected": [],
    "confidence": 0.9528711470652608,
    "warnings": [],
    "scores": {
      "1": 0.0326,
      "2": 0.053,
      "3": 0.0073,
      "4": 0.0957
    },
    "bubble_evidence": {
      "1": {
        "ink_ratio": 0.009523809523809525,
        "mean_darkness": 0.09441643953323364,
        "strong_dark_ratio": 0.0,
        "component_area_ratio": 0.0
      },
      "2": {
        "ink_ratio": 0.02857142857142857,
        "mean_darkness": 0.12575164437294006,
        "strong_dark_ratio": 0.009523809523809525,
        "component_area_ratio": 0.0
      },
      "3": {
        "ink_ratio": 0.0,
        "mean_darkness": 0.024183006957173347,
        "strong_dark_ratio": 0.0,
        "component_area_ratio": 0.0
      },
      "4": {
        "ink_ratio": 0.0873015873015873,
        "mean_darkness": 0.14170557260513306,
        "strong_dark_ratio": 0.05555555555555555,
        "component_area_ratio": 0.047619047619047616
      }
    }
  },
  "5": {
    "status": "blank",
    "selected": [],
    "confidence": 0.9526504594504478,
    "warnings": [],
    "scores": {
      "1": 0.079,
      "2": 0.0869,
      "3": 0.0108,
      "4": 0.0127
    },
    "bubble_evidence": {
      "1": {
        "ink_ratio": 0.06666666666666667,
        "mean_darkness": 0.15544350445270538,
        "strong_dark_ratio": 0.009523809523809525,
        "component_area_ratio": 0.0
      },
      "2": {
        "ink_ratio": 0.08571428571428572,
        "mean_darkness": 0.1611204594373703,
        "strong_dark_ratio": 0.0,
        "component_area_ratio": 0.0380952380952381
      },
      "3": {
        "ink_ratio": 0.0,
        "mean_darkness": 0.03607843443751335,
        "strong_dark_ratio": 0.0,
        "component_area_ratio": 0.0
      },
      "4": {
        "ink_ratio": 0.0,
        "mean_darkness": 0.04217687249183655,
        "strong_dark_ratio": 0.0,
        "component_area_ratio": 0.0
      }
    }
  },
  "6": {
    "status": "blank",
    "selected": [],
    "confidence": 0.8990476127181735,
    "warnings": [
      "faint_trace_or_erased"
    ],
    "scores": {
      "1": 0.036,
      "2": 0.0912,
      "3": 0.101,
      "4": 0.074
    },
    "bubble_evidence": {
      "1": {
        "ink_ratio": 0.009523809523809525,
        "mean_darkness": 0.10580766201019287,
        "strong_dark_ratio": 0.0,
        "component_area_ratio": 0.0
      },
      "2": {
        "ink_ratio": 0.07936507936507936,
        "mean_darkness": 0.165048286318779,
        "strong_dark_ratio": 0.023809523809523808,
        "component_area_ratio": 0.031746031746031744
      },
      "3": {
        "ink_ratio": 0.09523809523809523,
        "mean_darkness": 0.14603176712989807,
        "strong_dark_ratio": 0.05714285714285714,
        "component_area_ratio": 0.0
      },
      "4": {
        "ink_ratio": 0.05714285714285714,
        "mean_darkness": 0.12130720168352127,
        "strong_dark_ratio": 0.047619047619047616,
        "component_area_ratio": 0.0
      }
    }
  },
  "7": {
    "status": "blank",
    "selected": [],
    "confidence": 0.8997030779151689,
    "warnings": [
      "faint_trace_or_erased"
    ],
    "scores": {
      "1": 0.0312,
      "2": 0.0509,
      "3": 0.1003,
      "4": 0.0681
    },
    "bubble_evidence": {
      "1": {
        "ink_ratio": 0.0,
        "mean_darkness": 0.1040896475315094,
        "strong_dark_ratio": 0.0,
        "component_area_ratio": 0.0
      },
      "2": {
        "ink_ratio": 0.031746031746031744,
        "mean_darkness": 0.12191099673509598,
        "strong_dark_ratio": 0.0,
        "component_area_ratio": 0.0
      },
      "3": {
        "ink_ratio": 0.0761904761904762,
        "mean_darkness": 0.16448180377483368,
        "strong_dark_ratio": 0.06666666666666667,
        "component_area_ratio": 0.0380952380952381
      },
      "4": {
        "ink_ratio": 0.047619047619047616,
        "mean_darkness": 0.12395892292261124,
        "strong_dark_ratio": 0.0380952380952381,
        "component_area_ratio": 0.0
      }
    }
  }
}