{
  "4": {
    "status": "blank",
    "selected": [],
    "confidence": 0.8996078415853637,
    "warnings": [
      "faint_trace_or_erased"
    ],
    "scores": {
      "1": 0.0936,
      "2": 0.1004,
      "3": 0.0384,
      "4": 0.0647
    },
    "bubble_evidence": {
      "1": {
        "ink_ratio": 0.10476190476190476,
        "mean_darkness": 0.15473389625549316,
        "strong_dark_ratio": 0.0,
        "component_area_ratio": 0.08571428571428572
      },
      "2": {
        "ink_ratio": 0.11428571428571428,
        "mean_darkness": 0.16321195662021637,
        "strong_dark_ratio": 0.0,
        "component_area_ratio": 0.10476190476190476
      },
      "3": {
        "ink_ratio": 0.0,
        "mean_darkness": 0.12803922593593597,
        "strong_dark_ratio": 0.0,
        "component_area_ratio": 0.0
      },
      "4": {
        "ink_ratio": 0.03968253968253968,
        "mean_darkness": 0.1496732383966446,
        "strong_dark_ratio": 0.007936507936507936,
        "component_area_ratio": 0.0
      }
    }
  },
  "7": {
    "status": "blank",
    "selected": [],
    "confidence": 0.8971204463357018,
    "warnings": [
      "faint_trace_or_erased"
    ],
    "scores": {
      "1": 0.0647,
      "2": 0.081,
      "3": 0.1029,
      "4": 0.0537
    },
    "bubble_evidence": {
      "1": {
        "ink_ratio": 0.047619047619047616,
        "mean_darkness": 0.12840336561203003,
        "strong_dark_ratio": 0.01904761904761905,
        "component_area_ratio": 0.0
      },
      "2": {
        "ink_ratio": 0.05555555555555555,
        "mean_darkness": 0.17351384460926056,
        "strong_dark_ratio": 0.015873015873015872,
        "component_area_ratio": 0.0
      },
      "3": {
        "ink_ratio": 0.0761904761904762,
        "mean_darkness": 0.19690009951591492,
        "strong_dark_ratio": 0.0380952380952381,
        "component_area_ratio": 0.047619047619047616
      },
      "4": {
        "ink_ratio": 0.02857142857142857,
        "mean_darkness": 0.13598506152629852,
        "strong_dark_ratio": 0.0,
        "component_area_ratio": 0.0
      }
    }
  }
}