{
  "meta": {
    "image_path": "samples/scans/202512061032_Page_18.png",
    "template_id": "answer_sheet_v1",
    "question_count": 8,
    "option_count": 4,
    "alignment": {
      "status": "ok",
      "confidence": 0.8046119317790047,
      "method": "corner_contours",
      "diagnostics": {
        "top_left_score": 603.5416838923803,
        "top_right_score": 623.4026156442386,
        "bottom_right_score": 613.2968545620311,
        "bottom_left_score": 605.7791185095243,
        "method": "corner_contours",
        "source_points_found": 4
      }
    },
    "thresholds": {
      "marked_threshold": 0.2,
      "faint_threshold": 0.1,
      "uncertain_margin": 0.07,
      "strong_dark_min": 0.08
    },
    "errors": []
  },
  "answers": {
    "1": {
      "status": "single",
      "selected": [
        3
      ],
      "confidence": 1.0,
      "warnings": [],
      "scores": {
        "1": 0.0827,
        "2": 0.0458,
        "3": 0.5851,
        "4": 0.039
      },
      "bubble_evidence": {
        "1": {
          "ink_ratio": 0.05714285714285714,
          "mean_darkness": 0.150252103805542,
          "strong_dark_ratio": 0.047619047619047616,
          "component_area_ratio": 0.0
        },
        "2": {
          "ink_ratio": 0.024390243902439025,
          "mean_darkness": 0.09564802050590515,
          "strong_dark_ratio": 0.024390243902439025,
          "component_area_ratio": 0.0
        },
        "3": {
          "ink_ratio": 0.9047619047619048,
          "mean_darkness": 0.5774043202400208,
          "strong_dark_ratio": 0.01904761904761905,
          "component_area_ratio": 0.9047619047619048
        },
        "4": {
          "ink_ratio": 0.013888888888888888,
          "mean_darkness": 0.10925926268100739,
          "strong_dark_ratio": 0.0,
          "component_area_ratio": 0.0
        }
      }
    },
    "2": {
      "status": "blank",
      "selected": [],
      "confidence": 0.9629359556415251,
      "warnings": [],
      "scores": {
        "1": 0.0189,
        "2": 0.0799,
        "3": 0.0278,
        "4": 0.0216
      },
      "bubble_evidence": {
        "1": {
          "ink_ratio": 0.0,
          "mean_darkness": 0.06301743537187576,
          "strong_dark_ratio": 0.0,
          "component_area_ratio": 0.0
        },
        "2": {
          "ink_ratio": 0.06666666666666667,
          "mean_darkness": 0.14263306558132172,
          "strong_dark_ratio": 0.02857142857142857,
          "component_area_ratio": 0.05714285714285714
        },
        "3": {
          "ink_ratio": 0.0,
          "mean_darkness": 0.09269841760396957,
          "strong_dark_ratio": 0.0,
          "component_area_ratio": 0.0
        },
        "4": {
          "ink_ratio": 0.0,
          "mean_darkness": 0.07202881574630737,
          "strong_dark_ratio": 0.0,
          "component_area_ratio": 0.0
        }
      }
    },
    "3": {
      "status": "blank",
      "selected": [],
      "confidence": 0.9660793779923448,
      "warnings": [],
      "scores": {
        "1": 0.0321,
        "2": 0.0158,
        "3": 0.0654,
        "4": 0.0225
      },
      "bubble_evidence": {
        "1": {
          "ink_ratio": 0.016666666666666666,
          "mean_darkness": 0.08196078985929489,
          "strong_dark_ratio": 0.0,
          "component_area_ratio": 0.0
        },
        "2": {
          "ink_ratio": 0.0,
          "mean_darkness": 0.052606407552957535,
          "strong_dark_ratio": 0.0,
          "component_area_ratio": 0.0
        },
        "3": {
          "ink_ratio": 0.05714285714285714,
          "mean_darkness": 0.1083473488688469,
          "strong_dark_ratio": 0.02857142857142857,
          "component_area_ratio": 0.05714285714285714
        },
        "4": {
          "ink_ratio": 0.0,
          "mean_darkness": 0.0748366042971611,
          "strong_dark_ratio": 0.0,
          "component_area_ratio": 0.0
        }
      }
    },
    "4": {
      "status": "blank",
      "selected": [],
      "confidence": 0.9427338920533657,
      "warnings": [],
      "scores": {
        "1": 0.0481,
        "2": 0.0735,
        "3": 0.0335,
        "4": 0.0739
      },
      "bubble_evidence": {
        "1": {
          "ink_ratio": 0.0380952380952381,
          "mean_darkness": 0.09538748860359192,
          "strong_dark_ratio": 0.009523809523809525,
          "component_area_ratio": 0.0
        },
        "2": {
          "ink_ratio": 0.05714285714285714,
          "mean_darkness": 0.14334267377853394,
          "strong_dark_ratio": 0.01904761904761905,
          "component_area_ratio": 0.047619047619047616
        },
        "3": {
          "ink_ratio": 0.0,
          "mean_darkness": 0.11169934272766113,
          "strong_dark_ratio": 0.0,
          "component_area_ratio": 0.0
        },
        "4": {
          "ink_ratio": 0.05555555555555555,
          "mean_darkness": 0.16311860084533691,
          "strong_dark_ratio": 0.0,
          "component_area_ratio": 0.03968253968253968
        }
      }
    },
    "5": {
      "status": "blank",
      "selected": [],
      "confidence": 0.8849019550425665,
      "warnings": [
        "faint_trace_or_erased"
      ],
      "scores": {
        "1": 0.1151,
        "2": 0.1064,
        "3": 0.0329,
        "4": 0.026
      },
      "bubble_evidence": {
        "1": {
          "ink_ratio": 0.10476190476190476,
          "mean_darkness": 0.17889824509620667,
          "strong_dark_ratio": 0.05714285714285714,
          "component_area_ratio": 0.047619047619047616
        },
        "2": {
          "ink_ratio": 0.09523809523809523,
          "mean_darkness": 0.17198880016803741,
          "strong_dark_ratio": 0.047619047619047616,
          "component_area_ratio": 0.0
        },
        "3": {
          "ink_ratio": 0.0,
          "mean_darkness": 0.10967320948839188,
          "strong_dark_ratio": 0.0,
          "component_area_ratio": 0.0
        },
        "4": {
          "ink_ratio": 0.0,
          "mean_darkness": 0.08651459962129593,
          "strong_dark_ratio": 0.0,
          "component_area_ratio": 0.0
        }
      }
    },
    "6": {
      "status": "single",
      "selected": [
        1
      ],
      "confidence": 1.0,
      "warnings": [],
      "scores": {
        "1": 0.4345,
        "2": 0.1225,
        "3": 0.0844,
        "4": 0.047
      },
      "bubble_evidence": {
        "1": {
          "ink_ratio": 0.5714285714285714,
          "mean_darkness": 0.5434547066688538,
          "strong_dark_ratio": 0.05714285714285714,
          "component_area_ratio": 0.5619047619047619
        },
        "2": {
          "ink_ratio": 0.11904761904761904,
          "mean_darkness": 0.17012140154838562,
          "strong_dark_ratio": 0.07142857142857142,
          "component_area_ratio": 0.03968253968253968
        },
        "3": {
          "ink_ratio": 0.06666666666666667,
          "mean_darkness": 0.1734827309846878,
          "strong_dark_ratio": 0.009523809523809525,
          "component_area_ratio": 0.0380952380952381
        },
        "4": {
          "ink_ratio": 0.01904761904761905,
          "mean_darkness": 0.12026144564151764,
          "strong_dark_ratio": 0.009523809523809525,
          "component_area_ratio": 0.0
        }
      }
    },
    "7": {
      "status": "blank",
      "selected": [],
      "confidence": 0.8898039156766164,
      "warnings": [
        "faint_trace_or_erased"
      ],
      "scores": {
        "1": 0.0739,
        "2": 0.0682,
        "3": 0.1102,
        "4": 0.0643
      },
      "bubble_evidence": {
        "1": {
          "ink_ratio": 0.0761904761904762,
          "mean_darkness": 0.10031746327877045,
          "strong_dark_ratio": 0.0380952380952381,
          "component_area_ratio": 0.0380952380952381
        },
        "2": {
          "ink_ratio": 0.06349206349206349,
          "mean_darkness": 0.11226269602775574,
          "strong_dark_ratio": 0.023809523809523808,
          "component_area_ratio": 0.0
        },