{
  "2": {
    "status": "blank",
    "selected": [],
    "confidence": 0.9656928927823901,
    "warnings": [],
    "scores": {
      "1": 0.0152,
      "2": 0.0528,
      "3": 0.0448,
      "4": 0.0244
    },
    "bubble_evidence": {
      "1": {
        "ink_ratio": 0.0,
        "mean_darkness": 0.05070806294679642,
        "strong_dark_ratio": 0.0,
        "component_area_ratio": 0.0
      },
      "2": {
        "ink_ratio": 0.0380952380952381,
        "mean_darkness": 0.11873015761375427,
        "strong_dark_ratio": 0.0,
        "component_area_ratio": 0.0
      },
      "3": {
        "ink_ratio": 0.02857142857142857,
        "mean_darkness": 0.10651727765798569,
        "strong_dark_ratio": 0.0,
        "component_area_ratio": 0.0
      },
      "4": {
        "ink_ratio": 0.0,
        "mean_darkness": 0.08147259801626205,
        "strong_dark_ratio": 0.0,
        "component_area_ratio": 0.0
      }
    }
  },
  "3": {
    "status": "blank",
    "selected": [],
    "confidence": 0.9734616545960307,
    "warnings": [],
    "scores": {
      "1": 0.0282,
      "2": 0.0306,
      "3": 0.0251,
      "4": 0.0223
    },
    "bubble_evidence": {
      "1": {
        "ink_ratio": 0.0,
        "mean_darkness": 0.09398692101240158,
        "strong_dark_ratio": 0.0,
        "component_area_ratio": 0.0
      },
      "2": {
        "ink_ratio": 0.0,
        "mean_darkness": 0.10186514258384705,
        "strong_dark_ratio": 0.0,
        "component_area_ratio": 0.0
      },
      "3": {
        "ink_ratio": 0.0,
        "mean_darkness": 0.08380953222513199,
        "strong_dark_ratio": 0.0,
        "component_area_ratio": 0.0
      },
      "4": {
        "ink_ratio": 0.0,
        "mean_darkness": 0.07418300956487656,
        "strong_dark_ratio": 0.0,
        "component_area_ratio": 0.0
      }
    }
  },
  "4": {
    "status": "blank",
    "selected": [],
    "confidence": 0.9650140033898845,
    "warnings": [],
    "scores": {
      "1": 0.0313,
      "2": 0.0382,
      "3": 0.0245,
      "4": 0.046
    },
    "bubble_evidence": {
      "1": {
        "ink_ratio": 0.009523809523809525,
        "mean_darkness": 0.08989730477333069,
        "strong_dark_ratio": 0.0,
        "component_area_ratio": 0.0
      },
      "2": {
        "ink_ratio": 0.0,
        "mean_darkness": 0.127357617020607,
        "strong_dark_ratio": 0.0,
        "component_area_ratio": 0.0
      },
      "3": {
        "ink_ratio": 0.0,
        "mean_darkness": 0.08176470547914505,
        "strong_dark_ratio": 0.0,
        "component_area_ratio": 0.0
      },
      "4": {
        "ink_ratio": 0.015873015873015872,
        "mean_darkness": 0.12275133281946182,
        "strong_dark_ratio": 0.007936507936507936,
        "component_area_ratio": 0.0
      }
    }
  },
  "5": {
    "status": "blank",
    "selected": [],
    "confidence": 0.9396873735583254,
    "warnings": [],
    "scores": {
      "1": 0.0911,
      "2": 0.0931,
      "3": 0.0324,
      "4": 0.0247
    },
    "bubble_evidence": {
      "1": {
        "ink_ratio": 0.0761904761904762,
        "mean_darkness": 0.1655648946762085,
        "strong_dark_ratio": 0.02857142857142857,
        "component_area_ratio": 0.0
      },
      "2": {
        "ink_ratio": 0.0761904761904762,
        "mean_darkness": 0.17210084199905396,
        "strong_dark_ratio": 0.02857142857142857,
        "component_area_ratio": 0.0
      },
      "3": {
        "ink_ratio": 0.0,
        "mean_darkness": 0.10803922265768051,
        "strong_dark_ratio": 0.0,
        "component_area_ratio": 0.0
      },
      "4": {
        "ink_ratio": 0.0,
        "mean_darkness": 0.08227291703224182,
        "strong_dark_ratio": 0.0,
        "component_area_ratio": 0.0
      }
    }
  }
}