{
  "meta": {
    "image_path": "samples/scans/202512061032_Page_15.png",
    "template_id": "answer_sheet_v1",
    "question_count": 8,
    "option_count": 4,
    "alignment": {
      "status": "ok",
      "confidence": 0.7888942769977677,
      "method": "corner_contours",
      "diagnostics": {
        "top_left_score": 584.0022697594937,
        "top_right_score": 603.4680713356001,
        "bottom_right_score": 625.8911959113561,
        "bottom_left_score": 584.8770650667639,
        "method": "corner_contours",
        "source_points_found": 4
      }
    },
    "thresholds": {
      "marked_threshold": 0.2,
      "faint_threshold": 0.1,
      "uncertain_margin": 0.07,
      "strong_dark_min": 0.08
    },
    "errors": []
  },
  "answers": {
    "1": {
      "status": "single",
      "selected": [
        3
      ],
      "confidence": 1.0,
      "warnings": [],
      "scores": {
        "1": 0.0436,
        "2": 0.0243,
        "3": 0.6699,
        "4": 0.0195
      },
      "bubble_evidence": {
        "1": {
          "ink_ratio": 0.01904761904761905,
          "mean_darkness": 0.11678805947303772,
          "strong_dark_ratio": 0.0,
          "component_area_ratio": 0.0
        },
        "2": {
          "ink_ratio": 0.0,
          "mean_darkness": 0.08101387321949005,
          "strong_dark_ratio": 0.0,
          "component_area_ratio": 0.0
        },
        "3": {
          "ink_ratio": 0.9523809523809523,
          "mean_darkness": 0.6377964615821838,
          "strong_dark_ratio": 0.2,
          "component_area_ratio": 0.9523809523809523
        },
        "4": {
          "ink_ratio": 0.0,
          "mean_darkness": 0.0649782121181488,
          "strong_dark_ratio": 0.0,
          "component_area_ratio": 0.0
        }
      }
    },
    "2": {
      "status": "single",
      "selected": [
        4
      ],
      "confidence": 1.0,
      "warnings": [],
      "scores": {
        "1": 0.0258,
        "2": 0.0635,
        "3": 0.0549,
        "4": 0.7922
      },
      "bubble_evidence": {
        "1": {
          "ink_ratio": 0.013888888888888888,
          "mean_darkness": 0.06525054574012756,
          "strong_dark_ratio": 0.0,
          "component_area_ratio": 0.0
        },
        "2": {
          "ink_ratio": 0.0380952380952381,
          "mean_darkness": 0.15450981259346008,
          "strong_dark_ratio": 0.0,
          "component_area_ratio": 0.0
        },
        "3": {
          "ink_ratio": 0.02857142857142857,
          "mean_darkness": 0.14005601406097412,
          "strong_dark_ratio": 0.0,
          "component_area_ratio": 0.0
        },
        "4": {
          "ink_ratio": 1.0,
          "mean_darkness": 0.6813926100730896,
          "strong_dark_ratio": 0.5510204081632653,
          "component_area_ratio": 1.0
        }
      }
    },
    "3": {
      "status": "single",
      "selected": [
        3
      ],
      "confidence": 1.0,
      "warnings": [],
      "scores": {
        "1": 0.0347,
        "2": 0.0123,
        "3": 0.7227,
        "4": 0.0116
      },
      "bubble_evidence": {
        "1": {
          "ink_ratio": 0.016666666666666666,
          "mean_darkness": 0.0905228853225708,
          "strong_dark_ratio": 0.0,
          "component_area_ratio": 0.0
        },
        "2": {
          "ink_ratio": 0.0,
          "mean_darkness": 0.04084170609712601,
          "strong_dark_ratio": 0.0,
          "component_area_ratio": 0.0
        },
        "3": {
          "ink_ratio": 0.9333333333333333,
          "mean_darkness": 0.6518394351005554,
          "strong_dark_ratio": 0.42857142857142855,
          "component_area_ratio": 0.9333333333333333
        },
        "4": {
          "ink_ratio": 0.0,
          "mean_darkness": 0.038507625460624695,
          "strong_dark_ratio": 0.0,
          "component_area_ratio": 0.0
        }
      }
    },
    "4": {
      "status": "blank",
      "selected": [],
      "confidence": 0.8996078415853637,
      "warnings": [
        "faint_trace_or_erased"
      ],
      "scores": {
        "1": 0.0936,
        "2": 0.1004,
        "3": 0.0384,
        "4": 0.0647
      },
      "bubble_evidence": {
        "1": {
          "ink_ratio": 0.10476190476190476,
          "mean_darkness": 0.15473389625549316,
          "strong_dark_ratio": 0.0,
          "component_area_ratio": 0.08571428571428572
        },
        "2": {
          "ink_ratio": 0.11428571428571428,
          "mean_darkness": 0.16321195662021637,
          "strong_dark_ratio": 0.0,
          "component_area_ratio": 0.10476190476190476
        },
        "3": {
          "ink_ratio": 0.0,
          "mean_darkness": 0.12803922593593597,
          "strong_dark_ratio": 0.0,
          "component_area_ratio": 0.0
        },
        "4": {
          "ink_ratio": 0.03968253968253968,
          "mean_darkness": 0.1496732383966446,
          "strong_dark_ratio": 0.007936507936507936,
          "component_area_ratio": 0.0
        }
      }
    },
    "5": {
      "status": "single",
      "selected": [
        3
      ],
      "confidence": 1.0,
      "warnings": [],
      "scores": {
        "1": 0.0753,
        "2": 0.0598,
        "3": 0.7015,
        "4": 0.0238
      },
      "bubble_evidence": {
        "1": {
          "ink_ratio": 0.05714285714285714,
          "mean_darkness": 0.16522876918315887,
          "strong_dark_ratio": 0.0,
          "component_area_ratio": 0.0
        },
        "2": {
          "ink_ratio": 0.02857142857142857,
          "mean_darkness": 0.1564892679452896,
          "strong_dark_ratio": 0.0,
          "component_area_ratio": 0.0
        },
        "3": {
          "ink_ratio": 0.9833333333333333,
          "mean_darkness": 0.6548366546630859,
          "strong_dark_ratio": 0.25,
          "component_area_ratio": 0.9833333333333333
        },
        "4": {
          "ink_ratio": 0.0,
          "mean_darkness": 0.07939176261425018,
          "strong_dark_ratio": 0.0,
          "component_area_ratio": 0.0
        }
      }
    },
    "6": {
      "status": "single",
      "selected": [
        1
      ],
      "confidence": 1.0,
      "warnings": [],
      "scores": {
        "1": 0.6765,
        "2": 0.0842,
        "3": 0.0664,
        "4": 0.0527
      },
      "bubble_evidence": {
        "1": {
          "ink_ratio": 0.8857142857142857,
          "mean_darkness": 0.6486648321151733,
          "strong_dark_ratio": 0.3333333333333333,
          "component_area_ratio": 0.8857142857142857
        },
        "2": {
          "ink_ratio": 0.06349206349206349,
          "mean_darkness": 0.17864924669265747,
          "strong_dark_ratio": 0.007936507936507936,
          "component_area_ratio": 0.0
        },
        "3": {
          "ink_ratio": 0.0380952380952381,
          "mean_darkness": 0.16418302059173584,
          "strong_dark_ratio": 0.0,
          "component_area_ratio": 0.0
        },
        "4": {
          "ink_ratio": 0.02857142857142857,
          "mean_darkness": 0.13273577392101288,
          "strong_dark_ratio": 0.0,
          "component_area_ratio": 0.0
        }
      }
    },
    "7": {
      "status": "blank",
      "selected": [],
      "confidence": 0.8971204463357018,
      "warnings": [
        "faint_trace_or_erased"
      ],
      "scores": {
        "1": 0.0647,
        "2": 0.081,
        "3": 0.1029,
        "4": 0.0537
      },
      "bubble_evidence": {
        "1": {
          "ink_ratio": 0.047619047619047616,
          "mean_darkness": 0.12840336561203003,
          "strong_dark_ratio": 0.01904761904761905,
          "component_area_ratio": 0.0
        },
        "2": {
          "ink_ratio": 0.05555555555555555,
          "mean_darkness": 0.17351384460926056,
          "strong_dark_ratio": 0.015873015873015872,
          "component_area_ratio": 0.0
        },
        "3": {
          "ink_ratio": 0.0761904761904762,
          "mean_darkness": 0.19690009951591492,
          "strong_dark_ratio": 0.0380952380952381,