{
  "2": {
    "status": "blank",
    "selected": [],
    "confidence": 0.9472371923515485,
    "warnings": [],
    "scores": {
      "1": 0.0238,
      "2": 0.0696,
      "3": 0.06,
      "4": 0.0576
    },
    "bubble_evidence": {
      "1": {
        "ink_ratio": 0.0,
        "mean_darkness": 0.07941176742315292,
        "strong_dark_ratio": 0.0,
        "component_area_ratio": 0.0
      },
      "2": {
        "ink_ratio": 0.05714285714285714,
        "mean_darkness": 0.13848739862442017,
        "strong_dark_ratio": 0.009523809523809525,
        "component_area_ratio": 0.0
      },
      "3": {
        "ink_ratio": 0.0380952380952381,
        "mean_darkness": 0.14289450645446777,
        "strong_dark_ratio": 0.0,
        "component_area_ratio": 0.0
      },
      "4": {
        "ink_ratio": 0.0,
        "mean_darkness": 0.19191677868366241,
        "strong_dark_ratio": 0.0,
        "component_area_ratio": 0.0
      }
    }
  }
}