{
  "1": {
    "status": "blank",
    "selected": [],
    "confidence": 0.8535457491874695,
    "warnings": [
      "faint_trace_or_erased"
    ],
    "scores": {
      "1": 0.1006,
      "2": 0.0154,
      "3": 0.0717,
      "4": 0.1465
    },
    "bubble_evidence": {
      "1": {
        "ink_ratio": 0.09523809523809523,
        "mean_darkness": 0.1448739618062973,
        "strong_dark_ratio": 0.05714285714285714,
        "component_area_ratio": 0.05714285714285714
      },
      "2": {
        "ink_ratio": 0.0,
        "mean_darkness": 0.0511716865003109,
        "strong_dark_ratio": 0.0,
        "component_area_ratio": 0.0
      },
      "3": {
        "ink_ratio": 0.05714285714285714,
        "mean_darkness": 0.1055835634469986,
        "strong_dark_ratio": 0.05714285714285714,
        "component_area_ratio": 0.0
      },
      "4": {
        "ink_ratio": 0.05555555555555555,
        "mean_darkness": 0.40484750270843506,
        "strong_dark_ratio": 0.0,
        "component_area_ratio": 0.0
      }
    }
  },
  "2": {
    "status": "blank",
    "selected": [],
    "confidence": 0.8549099625981584,
    "warnings": [
      "faint_trace_or_erased"
    ],
    "scores": {
      "1": 0.0294,
      "2": 0.0815,
      "3": 0.0672,
      "4": 0.1451
    },
    "bubble_evidence": {
      "1": {
        "ink_ratio": 0.0,
        "mean_darkness": 0.09787581861019135,
        "strong_dark_ratio": 0.0,
        "component_area_ratio": 0.0
      },
      "2": {
        "ink_ratio": 0.05714285714285714,
        "mean_darkness": 0.14633053541183472,
        "strong_dark_ratio": 0.047619047619047616,
        "component_area_ratio": 0.0
      },
      "3": {
        "ink_ratio": 0.047619047619047616,
        "mean_darkness": 0.11297852545976639,
        "strong_dark_ratio": 0.047619047619047616,
        "component_area_ratio": 0.0
      },
      "4": {
        "ink_ratio": 0.04081632653061224,
        "mean_darkness": 0.42240896821022034,
        "strong_dark_ratio": 0.0,
        "component_area_ratio": 0.0
      }
    }
  },
  "6": {
    "status": "blank",
    "selected": [],
    "confidence": 0.8247843090976987,
    "warnings": [
      "faint_trace_or_erased"
    ],
    "scores": {
      "1": 0.1752,
      "2": 0.0909,
      "3": 0.0413,
      "4": 0.0257
    },
    "bubble_evidence": {
      "1": {
        "ink_ratio": 0.09523809523809523,
        "mean_darkness": 0.44119516015052795,
        "strong_dark_ratio": 0.0,
        "component_area_ratio": 0.0380952380952381
      },
      "2": {
        "ink_ratio": 0.07142857142857142,
        "mean_darkness": 0.1560535430908203,
        "strong_dark_ratio": 0.047619047619047616,
        "component_area_ratio": 0.03968253968253968
      },
      "3": {
        "ink_ratio": 0.01904761904761905,
        "mean_darkness": 0.10905696451663971,
        "strong_dark_ratio": 0.0,
        "component_area_ratio": 0.0
      },
      "4": {
        "ink_ratio": 0.0,
        "mean_darkness": 0.08552754670381546,
        "strong_dark_ratio": 0.0,
        "component_area_ratio": 0.0
      }
    }
  }
}