{
  "meta": {
    "image_path": "samples/scans/202512061032_Page_02.png",
    "template_id": "answer_sheet_v1",
    "question_count": 8,
    "option_count": 4,
    "alignment": {
      "status": "ok",
      "confidence": 0.8026615650414066,
      "method": "corner_contours",
      "diagnostics": {
        "top_left_score": 623.9936850790623,
        "top_right_score": 594.6202783575494,
        "bottom_right_score": 605.3339358657197,
        "bottom_left_score": 616.1432584235447,
        "method": "corner_contours",
        "source_points_found": 4
      }
    },
    "thresholds": {
      "marked_threshold": 0.2,
      "faint_threshold": 0.1,
      "uncertain_margin": 0.07,
      "strong_dark_min": 0.08
    },
    "errors": []
  },
  "answers": {
    "1": {
      "status": "single",
      "selected": [
        2
      ],
      "confidence": 1.0,
      "warnings": [],
      "scores": {
        "1": 0.0646,
        "2": 0.495,
        "3": 0.0289,
        "4": 0.0158
      },
      "bubble_evidence": {
        "1": {
          "ink_ratio": 0.047619047619047616,
          "mean_darkness": 0.12814192473888397,
          "strong_dark_ratio": 0.01904761904761905,
          "component_area_ratio": 0.0
        },
        "2": {
          "ink_ratio": 0.7317073170731707,
          "mean_darkness": 0.5524629950523376,
          "strong_dark_ratio": 0.0,
          "component_area_ratio": 0.7317073170731707
        },
        "3": {
          "ink_ratio": 0.0,
          "mean_darkness": 0.09620915353298187,
          "strong_dark_ratio": 0.0,
          "component_area_ratio": 0.0
        },
        "4": {
          "ink_ratio": 0.0,
          "mean_darkness": 0.05255991593003273,
          "strong_dark_ratio": 0.0,
          "component_area_ratio": 0.0
        }
      }
    },
    "2": {
      "status": "single",
      "selected": [
        4
      ],
      "confidence": 1.0,
      "warnings": [],
      "scores": {
        "1": 0.0177,
        "2": 0.0758,
        "3": 0.0614,
        "4": 0.5457
      },
      "bubble_evidence": {
        "1": {
          "ink_ratio": 0.0,
          "mean_darkness": 0.05909585952758789,
          "strong_dark_ratio": 0.0,
          "component_area_ratio": 0.0
        },
        "2": {
          "ink_ratio": 0.0761904761904762,
          "mean_darkness": 0.12250233441591263,
          "strong_dark_ratio": 0.01904761904761905,
          "component_area_ratio": 0.0
        },
        "3": {
          "ink_ratio": 0.0380952380952381,
          "mean_darkness": 0.13960784673690796,
          "strong_dark_ratio": 0.009523809523809525,
          "component_area_ratio": 0.0
        },
        "4": {
          "ink_ratio": 0.8367346938775511,
          "mean_darkness": 0.5637454986572266,
          "strong_dark_ratio": 0.0,
          "component_area_ratio": 0.8367346938775511
        }
      }
    },
    "3": {
      "status": "single",
      "selected": [
        3
      ],
      "confidence": 1.0,
      "warnings": [],
      "scores": {
        "1": 0.0264,
        "2": 0.0287,
        "3": 0.5721,
        "4": 0.0157
      },
      "bubble_evidence": {
        "1": {
          "ink_ratio": 0.0,
          "mean_darkness": 0.08810458332300186,
          "strong_dark_ratio": 0.0,
          "component_area_ratio": 0.0
        },
        "2": {
          "ink_ratio": 0.0,
          "mean_darkness": 0.09564801305532455,
          "strong_dark_ratio": 0.0,
          "component_area_ratio": 0.0
        },
        "3": {
          "ink_ratio": 0.8857142857142857,
          "mean_darkness": 0.578450083732605,
          "strong_dark_ratio": 0.0,
          "component_area_ratio": 0.8857142857142857
        },
        "4": {
          "ink_ratio": 0.0,
          "mean_darkness": 0.052396517246961594,
          "strong_dark_ratio": 0.0,
          "component_area_ratio": 0.0
        }
      }
    },
    "4": {
      "status": "single",
      "selected": [
        1
      ],
      "confidence": 1.0,
      "warnings": [],
      "scores": {
        "1": 0.4817,
        "2": 0.0933,
        "3": 0.0102,
        "4": 0.0448
      },
      "bubble_evidence": {
        "1": {
          "ink_ratio": 0.7047619047619048,
          "mean_darkness": 0.5327731370925903,
          "strong_dark_ratio": 0.01904761904761905,
          "component_area_ratio": 0.7047619047619048
        },
        "2": {
          "ink_ratio": 0.09523809523809523,
          "mean_darkness": 0.11260504275560379,
          "strong_dark_ratio": 0.06666666666666667,
          "component_area_ratio": 0.08571428571428572
        },
        "3": {
          "ink_ratio": 0.0,
          "mean_darkness": 0.03385620936751366,
          "strong_dark_ratio": 0.0,
          "component_area_ratio": 0.0
        },
        "4": {
          "ink_ratio": 0.023809523809523808,
          "mean_darkness": 0.10046685487031937,
          "strong_dark_ratio": 0.015873015873015872,
          "component_area_ratio": 0.0
        }
      }
    },
    "5": {
      "status": "blank",
      "selected": [],
      "confidence": 0.9648096226741161,
      "warnings": [],
      "scores": {
        "1": 0.0485,
        "2": 0.034,
        "3": 0.033,
        "4": 0.0253
      },
      "bubble_evidence": {
        "1": {
          "ink_ratio": 0.01904761904761905,
          "mean_darkness": 0.13295985758304596,
          "strong_dark_ratio": 0.0,
          "component_area_ratio": 0.0
        },
        "2": {
          "ink_ratio": 0.0,
          "mean_darkness": 0.11323995888233185,
          "strong_dark_ratio": 0.0,
          "component_area_ratio": 0.0
        },
        "3": {
          "ink_ratio": 0.0,
          "mean_darkness": 0.11000000685453415,
          "strong_dark_ratio": 0.0,
          "component_area_ratio": 0.0
        },
        "4": {
          "ink_ratio": 0.0,
          "mean_darkness": 0.08443377912044525,
          "strong_dark_ratio": 0.0,
          "component_area_ratio": 0.0
        }
      }
    },
    "6": {
      "status": "blank",
      "selected": [],
      "confidence": 0.9578821174002119,
      "warnings": [],
      "scores": {
        "1": 0.0202,
        "2": 0.0757,
        "3": 0.0358,
        "4": 0.0368
      },
      "bubble_evidence": {
        "1": {
          "ink_ratio": 0.0,
          "mean_darkness": 0.06722689419984818,
          "strong_dark_ratio": 0.0,
          "component_area_ratio": 0.0
        },
        "2": {
          "ink_ratio": 0.07142857142857142,
          "mean_darkness": 0.10535325855016708,
          "strong_dark_ratio": 0.047619047619047616,
          "component_area_ratio": 0.03968253968253968
        },
        "3": {
          "ink_ratio": 0.01904761904761905,
          "mean_darkness": 0.0828758254647255,
          "strong_dark_ratio": 0.009523809523809525,
          "component_area_ratio": 0.0
        },
        "4": {
          "ink_ratio": 0.02857142857142857,
          "mean_darkness": 0.07992531359195709,
          "strong_dark_ratio": 0.0,
          "component_area_ratio": 0.0
        }
      }
    },
    "7": {
      "status": "blank",
      "selected": [],
      "confidence": 0.9334778222607242,
      "warnings": [],
      "scores": {
        "1": 0.0487,
        "2": 0.0617,
        "3": 0.0632,
        "4": 0.0926
      },
      "bubble_evidence": {
        "1": {
          "ink_ratio": 0.02857142857142857,
          "mean_darkness": 0.10345472395420074,
          "strong_dark_ratio": 0.01904761904761905,
          "component_area_ratio": 0.0
        },
        "2": {
          "ink_ratio": 0.047619047619047616,
          "mean_darkness": 0.1274821013212204,
          "strong_dark_ratio": 0.007936507936507936,
          "component_area_ratio": 0.031746031746031744
        },
        "3": {
          "ink_ratio": 0.0380952380952381,
          "mean_darkness": 0.15338937938213348,
          "strong_dark_ratio": 0.0,
          "component_area_ratio": 0.0
        },
        "4": {
          "ink_ratio": 0.08571428571428572,