{
  "meta": {
    "image_path": "samples/scans/202512061032_Page_17.png",
    "template_id": "answer_sheet_v1",
    "question_count": 8,
    "option_count": 4,
    "alignment": {
      "status": "ok",
      "confidence": 0.7983472684131916,
      "method": "corner_contours",
      "diagnostics": {
        "top_left_score": 601.2475371710472,
        "top_right_score": 608.5872342216381,
        "bottom_right_score": 600.2812337793001,
        "bottom_left_score": 616.8596908041175,
        "method": "corner_contours",
        "source_points_found": 4
      }
    },
    "thresholds": {
      "marked_threshold": 0.2,
      "faint_threshold": 0.1,
      "uncertain_margin": 0.07,
      "strong_dark_min": 0.08
    },
    "errors": []
  },
  "answers": {
    "1": {
      "status": "blank",
      "selected": [],
      "confidence": 0.8535457491874695,
      "warnings": [
        "faint_trace_or_erased"
      ],
      "scores": {
        "1": 0.1006,
        "2": 0.0154,
        "3": 0.0717,
        "4": 0.1465
      },
      "bubble_evidence": {
        "1": {
          "ink_ratio": 0.09523809523809523,
          "mean_darkness": 0.1448739618062973,
          "strong_dark_ratio": 0.05714285714285714,
          "component_area_ratio": 0.05714285714285714
        },
        "2": {
          "ink_ratio": 0.0,
          "mean_darkness": 0.0511716865003109,
          "strong_dark_ratio": 0.0,
          "component_area_ratio": 0.0
        },
        "3": {
          "ink_ratio": 0.05714285714285714,
          "mean_darkness": 0.1055835634469986,
          "strong_dark_ratio": 0.05714285714285714,
          "component_area_ratio": 0.0
        },
        "4": {
          "ink_ratio": 0.05555555555555555,
          "mean_darkness": 0.40484750270843506,
          "strong_dark_ratio": 0.0,
          "component_area_ratio": 0.0
        }
      }
    },
    "2": {
      "status": "blank",
      "selected": [],
      "confidence": 0.8549099625981584,
      "warnings": [
        "faint_trace_or_erased"
      ],
      "scores": {
        "1": 0.0294,
        "2": 0.0815,
        "3": 0.0672,
        "4": 0.1451
      },
      "bubble_evidence": {
        "1": {
          "ink_ratio": 0.0,
          "mean_darkness": 0.09787581861019135,
          "strong_dark_ratio": 0.0,
          "component_area_ratio": 0.0
        },
        "2": {
          "ink_ratio": 0.05714285714285714,
          "mean_darkness": 0.14633053541183472,
          "strong_dark_ratio": 0.047619047619047616,
          "component_area_ratio": 0.0
        },
        "3": {
          "ink_ratio": 0.047619047619047616,
          "mean_darkness": 0.11297852545976639,
          "strong_dark_ratio": 0.047619047619047616,
          "component_area_ratio": 0.0
        },
        "4": {
          "ink_ratio": 0.04081632653061224,
          "mean_darkness": 0.42240896821022034,
          "strong_dark_ratio": 0.0,
          "component_area_ratio": 0.0
        }
      }
    },
    "3": {
      "status": "single",
      "selected": [
        3
      ],
      "confidence": 0.8597994676828384,
      "warnings": [],
      "scores": {
        "1": 0.0255,
        "2": 0.0226,
        "3": 0.2946,
        "4": 0.0207
      },
      "bubble_evidence": {
        "1": {
          "ink_ratio": 0.0,
          "mean_darkness": 0.0851634070277214,
          "strong_dark_ratio": 0.0,
          "component_area_ratio": 0.0
        },
        "2": {
          "ink_ratio": 0.0,
          "mean_darkness": 0.07546628266572952,
          "strong_dark_ratio": 0.0,
          "component_area_ratio": 0.0
        },
        "3": {
          "ink_ratio": 0.3142857142857143,
          "mean_darkness": 0.4708123803138733,
          "strong_dark_ratio": 0.047619047619047616,
          "component_area_ratio": 0.12380952380952381
        },
        "4": {
          "ink_ratio": 0.0,
          "mean_darkness": 0.0690087154507637,
          "strong_dark_ratio": 0.0,
          "component_area_ratio": 0.0
        }
      }
    },
    "4": {
      "status": "single",
      "selected": [
        2
      ],
      "confidence": 1.0,
      "warnings": [],
      "scores": {
        "1": 0.0687,
        "2": 0.4481,
        "3": 0.0242,
        "4": 0.0652
      },
      "bubble_evidence": {
        "1": {
          "ink_ratio": 0.05714285714285714,
          "mean_darkness": 0.14334267377853394,
          "strong_dark_ratio": 0.0,
          "component_area_ratio": 0.0
        },
        "2": {
          "ink_ratio": 0.638095238095238,
          "mean_darkness": 0.528552770614624,
          "strong_dark_ratio": 0.009523809523809525,
          "component_area_ratio": 0.6190476190476191
        },
        "3": {
          "ink_ratio": 0.0,
          "mean_darkness": 0.08058824390172958,
          "strong_dark_ratio": 0.0,
          "component_area_ratio": 0.0
        },
        "4": {
          "ink_ratio": 0.047619047619047616,
          "mean_darkness": 0.11957672983407974,
          "strong_dark_ratio": 0.031746031746031744,
          "component_area_ratio": 0.0
        }
      }
    },
    "5": {
      "status": "single",
      "selected": [
        3
      ],
      "confidence": 0.9479355902671814,
      "warnings": [],
      "scores": {
        "1": 0.0326,
        "2": 0.0409,
        "3": 0.3504,
        "4": 0.0175
      },
      "bubble_evidence": {
        "1": {
          "ink_ratio": 0.0,
          "mean_darkness": 0.10864613205194473,
          "strong_dark_ratio": 0.0,
          "component_area_ratio": 0.0
        },
        "2": {
          "ink_ratio": 0.0,
          "mean_darkness": 0.1363959014415741,
          "strong_dark_ratio": 0.0,
          "component_area_ratio": 0.0
        },
        "3": {
          "ink_ratio": 0.45,
          "mean_darkness": 0.4790196418762207,
          "strong_dark_ratio": 0.016666666666666666,
          "component_area_ratio": 0.45
        },
        "4": {
          "ink_ratio": 0.0,
          "mean_darkness": 0.058423373848199844,
          "strong_dark_ratio": 0.0,
          "component_area_ratio": 0.0
        }
      }
    },
    "6": {
      "status": "blank",
      "selected": [],
      "confidence": 0.8247843090976987,
      "warnings": [
        "faint_trace_or_erased"
      ],
      "scores": {
        "1": 0.1752,
        "2": 0.0909,
        "3": 0.0413,
        "4": 0.0257
      },
      "bubble_evidence": {
        "1": {
          "ink_ratio": 0.09523809523809523,
          "mean_darkness": 0.44119516015052795,
          "strong_dark_ratio": 0.0,
          "component_area_ratio": 0.0380952380952381
        },
        "2": {
          "ink_ratio": 0.07142857142857142,
          "mean_darkness": 0.1560535430908203,
          "strong_dark_ratio": 0.047619047619047616,
          "component_area_ratio": 0.03968253968253968
        },
        "3": {
          "ink_ratio": 0.01904761904761905,
          "mean_darkness": 0.10905696451663971,
          "strong_dark_ratio": 0.0,
          "component_area_ratio": 0.0
        },
        "4": {
          "ink_ratio": 0.0,
          "mean_darkness": 0.08552754670381546,
          "strong_dark_ratio": 0.0,
          "component_area_ratio": 0.0
        }
      }
    },
    "7": {
      "status": "single",
      "selected": [
        3
      ],
      "confidence": 0.870593861426626,
      "warnings": [],
      "scores": {
        "1": 0.0417,
        "2": 0.0403,
        "3": 0.3078,
        "4": 0.0332
      },
      "bubble_evidence": {
        "1": {
          "ink_ratio": 0.01904761904761905,
          "mean_darkness": 0.11043885350227356,
          "strong_dark_ratio": 0.0,
          "component_area_ratio": 0.0
        },
        "2": {
          "ink_ratio": 0.015873015873015872,
          "mean_darkness": 0.1037970781326294,
          "strong_dark_ratio": 0.007936507936507936,
          "component_area_ratio": 0.0
        },
        "3": {
          "ink_ratio": 0.3523809523809524,
          "mean_darkness": 0.47346410155296326,