{
  "2": {
    "status": "blank",
    "selected": [],
    "confidence": 0.9609879938832351,
    "warnings": [],
    "scores": {
      "1": 0.0359,
      "2": 0.0452,
      "3": 0.0472,
      "4": 0.0278
    },
    "bubble_evidence": {
      "1": {
        "ink_ratio": 0.0,
        "mean_darkness": 0.1196078434586525,
        "strong_dark_ratio": 0.0,
        "component_area_ratio": 0.0
      },
      "2": {
        "ink_ratio": 0.009523809523809525,
        "mean_darkness": 0.13624650239944458,
        "strong_dark_ratio": 0.0,
        "component_area_ratio": 0.0
      },
      "3": {
        "ink_ratio": 0.01904761904761905,
        "mean_darkness": 0.12885154783725739,
        "strong_dark_ratio": 0.0,
        "component_area_ratio": 0.0
      },
      "4": {
        "ink_ratio": 0.0,
        "mean_darkness": 0.09259704500436783,
        "strong_dark_ratio": 0.0,
        "component_area_ratio": 0.0
      }
    }
  },
  "3": {
    "status": "blank",
    "selected": [],
    "confidence": 0.987859055143781,
    "warnings": [],
    "scores": {
      "1": 0.0119,
      "2": 0.0034,
      "3": 0.0211,
      "4": 0.0121
    },
    "bubble_evidence": {
      "1": {
        "ink_ratio": 0.0,
        "mean_darkness": 0.03980392590165138,
        "strong_dark_ratio": 0.0,
        "component_area_ratio": 0.0
      },
      "2": {
        "ink_ratio": 0.0,
        "mean_darkness": 0.011477761901915073,
        "strong_dark_ratio": 0.0,
        "component_area_ratio": 0.0
      },
      "3": {
        "ink_ratio": 0.0,
        "mean_darkness": 0.07040149718523026,
        "strong_dark_ratio": 0.0,
        "component_area_ratio": 0.0
      },
      "4": {
        "ink_ratio": 0.0,
        "mean_darkness": 0.04019607976078987,
        "strong_dark_ratio": 0.0,
        "component_area_ratio": 0.0
      }
    }
  },
  "5": {
    "status": "blank",
    "selected": [],
    "confidence": 0.8960980358719826,
    "warnings": [
      "faint_trace_or_erased"
    ],
    "scores": {
      "1": 0.0577,
      "2": 0.0446,
      "3": 0.1039,
      "4": 0.016
    },
    "bubble_evidence": {
      "1": {
        "ink_ratio": 0.0380952380952381,
        "mean_darkness": 0.13516339659690857,
        "strong_dark_ratio": 0.0,
        "component_area_ratio": 0.0380952380952381
      },
      "2": {
        "ink_ratio": 0.009523809523809525,
        "mean_darkness": 0.13445378839969635,
        "strong_dark_ratio": 0.0,
        "component_area_ratio": 0.0
      },
      "3": {
        "ink_ratio": 0.1,
        "mean_darkness": 0.11300654709339142,
        "strong_dark_ratio": 0.1,
        "component_area_ratio": 0.1
      },
      "4": {
        "ink_ratio": 0.0,
        "mean_darkness": 0.05338135361671448,
        "strong_dark_ratio": 0.0,
        "component_area_ratio": 0.0
      }
    }
  },
  "7": {
    "status": "blank",
    "selected": [],
    "confidence": 0.8740672163168589,
    "warnings": [
      "faint_trace_or_erased"
    ],
    "scores": {
      "1": 0.0687,
      "2": 0.0673,
      "3": 0.1259,
      "4": 0.0429
    },
    "bubble_evidence": {
      "1": {
        "ink_ratio": 0.047619047619047616,
        "mean_darkness": 0.13370682299137115,
        "strong_dark_ratio": 0.02857142857142857,
        "component_area_ratio": 0.0
      },
      "2": {
        "ink_ratio": 0.03968253968253968,
        "mean_darkness": 0.1516651213169098,
        "strong_dark_ratio": 0.015873015873015872,
        "component_area_ratio": 0.0
      },
      "3": {
        "ink_ratio": 0.11428571428571428,
        "mean_darkness": 0.20866483449935913,
        "strong_dark_ratio": 0.047619047619047616,
        "component_area_ratio": 0.06666666666666667
      },
      "4": {
        "ink_ratio": 0.01904761904761905,
        "mean_darkness": 0.10662932693958282,
        "strong_dark_ratio": 0.009523809523809525,
        "component_area_ratio": 0.0
      }
    }
  },
  "8": {
    "status": "blank",
    "selected": [],
    "confidence": 0.9567611035598176,
    "warnings": [],
    "scores": {
      "1": 0.0575,
      "2": 0.0212,
      "3": 0.0673,
      "4": 0.0269
    },
    "bubble_evidence": {
      "1": {
        "ink_ratio": 0.0380952380952381,
        "mean_darkness": 0.1266106516122818,
        "strong_dark_ratio": 0.009523809523809525,
        "component_area_ratio": 0.0
      },
      "2": {
        "ink_ratio": 0.0,
        "mean_darkness": 0.07074829936027527,
        "strong_dark_ratio": 0.0,
        "component_area_ratio": 0.0
      },
      "3": {
        "ink_ratio": 0.047619047619047616,
        "mean_darkness": 0.13710550963878632,
        "strong_dark_ratio": 0.01904761904761905,
        "component_area_ratio": 0.0
      },
      "4": {
        "ink_ratio": 0.0,
        "mean_darkness": 0.08967320621013641,
        "strong_dark_ratio": 0.0,
        "component_area_ratio": 0.0
      }
    }
  }
}