{
  "meta": {
    "image_path": "samples/scans/202512061032_Page_01.png",
    "template_id": "answer_sheet_v1",
    "question_count": 8,
    "option_count": 4,
    "alignment": {
      "status": "ok",
      "confidence": 0.7672580866536679,
      "method": "corner_contours",
      "diagnostics": {
        "top_left_score": 588.7159127181022,
        "top_right_score": 553.3177440917859,
        "bottom_right_score": 599.6506854421971,
        "bottom_left_score": 590.7802411750654,
        "method": "corner_contours",
        "source_points_found": 4
      }
    },
    "thresholds": {
      "marked_threshold": 0.2,
      "faint_threshold": 0.1,
      "uncertain_margin": 0.07,
      "strong_dark_min": 0.08
    },
    "errors": []
  },
  "answers": {
    "1": {
      "status": "single",
      "selected": [
        1
      ],
      "confidence": 0.6991697731188364,
      "warnings": [],
      "scores": {
        "1": 0.2102,
        "2": 0.0235,
        "3": 0.0366,
        "4": 0.0175
      },
      "bubble_evidence": {
        "1": {
          "ink_ratio": 0.1523809523809524,
          "mean_darkness": 0.40870219469070435,
          "strong_dark_ratio": 0.0761904761904762,
          "component_area_ratio": 0.047619047619047616
        },
        "2": {
          "ink_ratio": 0.0,
          "mean_darkness": 0.0784313753247261,
          "strong_dark_ratio": 0.0,
          "component_area_ratio": 0.0
        },
        "3": {
          "ink_ratio": 0.009523809523809525,
          "mean_darkness": 0.10756302624940872,
          "strong_dark_ratio": 0.0,
          "component_area_ratio": 0.0
        },
        "4": {
          "ink_ratio": 0.0,
          "mean_darkness": 0.05833333730697632,
          "strong_dark_ratio": 0.0,
          "component_area_ratio": 0.0
        }
      }
    },
    "2": {
      "status": "single",
      "selected": [
        2
      ],
      "confidence": 1.0,
      "warnings": [],
      "scores": {
        "1": 0.02,
        "2": 0.4434,
        "3": 0.1088,
        "4": 0.0224
      },
      "bubble_evidence": {
        "1": {
          "ink_ratio": 0.0,
          "mean_darkness": 0.06655773520469666,
          "strong_dark_ratio": 0.0,
          "component_area_ratio": 0.0
        },
        "2": {
          "ink_ratio": 0.580952380952381,
          "mean_darkness": 0.5270962119102478,
          "strong_dark_ratio": 0.09523809523809523,
          "component_area_ratio": 0.5523809523809524
        },
        "3": {
          "ink_ratio": 0.08571428571428572,
          "mean_darkness": 0.17075631022453308,
          "strong_dark_ratio": 0.0761904761904762,
          "component_area_ratio": 0.0
        },
        "4": {
          "ink_ratio": 0.0,
          "mean_darkness": 0.07482993602752686,
          "strong_dark_ratio": 0.0,
          "component_area_ratio": 0.0
        }
      }
    },
    "3": {
      "status": "single",
      "selected": [
        3
      ],
      "confidence": 0.8163633786950792,
      "warnings": [],
      "scores": {
        "1": 0.0147,
        "2": 0.0129,
        "3": 0.2722,
        "4": 0.0296
      },
      "bubble_evidence": {
        "1": {
          "ink_ratio": 0.0,
          "mean_darkness": 0.049084968864917755,
          "strong_dark_ratio": 0.0,
          "component_area_ratio": 0.0
        },
        "2": {
          "ink_ratio": 0.0,
          "mean_darkness": 0.04294596239924431,
          "strong_dark_ratio": 0.0,
          "component_area_ratio": 0.0
        },
        "3": {
          "ink_ratio": 0.3142857142857143,
          "mean_darkness": 0.4280858635902405,
          "strong_dark_ratio": 0.009523809523809525,
          "component_area_ratio": 0.26666666666666666
        },
        "4": {
          "ink_ratio": 0.0,
          "mean_darkness": 0.0985838770866394,
          "strong_dark_ratio": 0.0,
          "component_area_ratio": 0.0
        }
      }
    },
    "4": {
      "status": "single",
      "selected": [
        1
      ],
      "confidence": 0.6528694627568836,
      "warnings": [],
      "scores": {
        "1": 0.2176,
        "2": 0.111,
        "3": 0.0133,
        "4": 0.0673
      },
      "bubble_evidence": {
        "1": {
          "ink_ratio": 0.2,
          "mean_darkness": 0.409411758184433,
          "strong_dark_ratio": 0.01904761904761905,
          "component_area_ratio": 0.13333333333333333
        },
        "2": {
          "ink_ratio": 0.12380952380952381,
          "mean_darkness": 0.1445378214120865,
          "strong_dark_ratio": 0.047619047619047616,
          "component_area_ratio": 0.10476190476190476
        },
        "3": {
          "ink_ratio": 0.0,
          "mean_darkness": 0.04424836486577988,
          "strong_dark_ratio": 0.0,
          "component_area_ratio": 0.0
        },
        "4": {
          "ink_ratio": 0.047619047619047616,
          "mean_darkness": 0.12651728093624115,
          "strong_dark_ratio": 0.031746031746031744,
          "component_area_ratio": 0.0
        }
      }
    },
    "5": {
      "status": "single",
      "selected": [
        3
      ],
      "confidence": 0.9092280263446626,
      "warnings": [],
      "scores": {
        "1": 0.0996,
        "2": 0.1238,
        "3": 0.3657,
        "4": 0.0285
      },
      "bubble_evidence": {
        "1": {
          "ink_ratio": 0.0761904761904762,
          "mean_darkness": 0.15421102941036224,
          "strong_dark_ratio": 0.0761904761904762,
          "component_area_ratio": 0.0
        },
        "2": {
          "ink_ratio": 0.10476190476190476,
          "mean_darkness": 0.17602241039276123,
          "strong_dark_ratio": 0.09523809523809523,
          "component_area_ratio": 0.0
        },
        "3": {
          "ink_ratio": 0.4666666666666667,
          "mean_darkness": 0.5189542770385742,
          "strong_dark_ratio": 0.0,
          "component_area_ratio": 0.4
        },
        "4": {
          "ink_ratio": 0.0,
          "mean_darkness": 0.09499800205230713,
          "strong_dark_ratio": 0.0,
          "component_area_ratio": 0.0
        }
      }
    },
    "6": {
      "status": "single",
      "selected": [
        2
      ],
      "confidence": 0.8792588233607157,
      "warnings": [],
      "scores": {
        "1": 0.0812,
        "2": 0.3301,
        "3": 0.0733,
        "4": 0.019
      },
      "bubble_evidence": {
        "1": {
          "ink_ratio": 0.05714285714285714,
          "mean_darkness": 0.13736695051193237,
          "strong_dark_ratio": 0.05714285714285714,
          "component_area_ratio": 0.05714285714285714
        },
        "2": {
          "ink_ratio": 0.3888888888888889,
          "mean_darkness": 0.47740429639816284,
          "strong_dark_ratio": 0.047619047619047616,
          "component_area_ratio": 0.23015873015873015
        },
        "3": {
          "ink_ratio": 0.05714285714285714,
          "mean_darkness": 0.11884220689535141,
          "strong_dark_ratio": 0.047619047619047616,
          "component_area_ratio": 0.05714285714285714
        },
        "4": {
          "ink_ratio": 0.0,
          "mean_darkness": 0.0633053258061409,
          "strong_dark_ratio": 0.0,
          "component_area_ratio": 0.0
        }
      }
    },
    "7": {
      "status": "single",
      "selected": [
        3
      ],
      "confidence": 0.6912563932131207,
      "warnings": [],
      "scores": {
        "1": 0.0289,
        "2": 0.085,
        "3": 0.2274,
        "4": 0.0717
      },
      "bubble_evidence": {
        "1": {
          "ink_ratio": 0.0,
          "mean_darkness": 0.09632119536399841,
          "strong_dark_ratio": 0.0,
          "component_area_ratio": 0.0
        },
        "2": {
          "ink_ratio": 0.05555555555555555,
          "mean_darkness": 0.15359477698802948,
          "strong_dark_ratio": 0.05555555555555555,
          "component_area_ratio": 0.0
        },
        "3": {
          "ink_ratio": 0.19047619047619047,
          "mean_darkness": 0.4403734803199768,